stream,config,idx,detector,kind,rebuild_size
ds1,Rebuild-Zero,119999,vocab,warning,
ds1,Rebuild-Zero,143999,vocab,warning,
ds1,Rebuild-Zero,167999,vocab,warning,
ds1,Rebuild-Zero,191999,vocab,warning,
ds1,Rebuild-Zero,215999,vocab,warning,
ds1,Rebuild-Zero,239999,vocab,warning,
ds1,Rebuild-Zero,263999,vocab,warning,
ds1,Rebuild-Zero,287999,vocab,change,
ds1,Rebuild-Zero,287999,vocab,rebuild,192000.0
ds1,Rebuild-Zero,311999,vocab,change,
ds1,Rebuild-Zero,311999,vocab,rebuild,24000.0
ds1,Rebuild-Zero,359999,vocab,warning,
ds1,Rebuild-Zero,383999,vocab,change,
ds1,Rebuild-Zero,383999,vocab,rebuild,48000.0
ds1,Rebuild-Zero,407999,vocab,warning,
ds1,Rebuild-Zero,431999,vocab,warning,
ds1,Rebuild-Zero,479999,vocab,warning,
ds1,Rebuild-Zero,503999,vocab,change,
ds1,Rebuild-Zero,503999,vocab,rebuild,48000.0
ds1,Rebuild-Zero,575999,vocab,warning,
ds1,Rebuild-Zero,599999,vocab,warning,
ds1,Rebuild-Zero,623999,vocab,warning,
ds1,Rebuild-Zero,647999,vocab,warning,
ds1,Rebuild-Zero,671999,vocab,warning,
ds1,Rebuild-Zero,695999,vocab,warning,
ds1,Rebuild-Zero,719999,vocab,warning,
ds1,Rebuild-Zero,767999,vocab,warning,
ds1,Rebuild-Zero,791999,vocab,warning,
ds1,Rebuild-Zero,815999,vocab,warning,
ds1,Rebuild-Zero,839999,vocab,warning,
ds1,Rebuild-Zero,863999,vocab,warning,
ds1,Rebuild-Zero,887999,vocab,warning,
ds1,Rebuild-Zero,911999,vocab,warning,
ds1,Rebuild-Zero,959999,vocab,warning,
ds1,Rebuild-Zero,983999,vocab,warning,
ds1,Rebuild-Zero,1007999,vocab,warning,
ds1,Rebuild-Zero,1055999,vocab,warning,
ds1,Rebuild-Zero,1079999,vocab,warning,
ds1,Rebuild-Zero,1103999,vocab,warning,
ds1,Rebuild-Zero,1127999,vocab,change,
ds1,Rebuild-Zero,1127999,vocab,rebuild,96000.0
ds1,Rebuild-Zero,1151999,vocab,warning,
ds1,Rebuild-Zero,1199999,vocab,change,
ds1,Rebuild-Zero,1199999,vocab,rebuild,24000.0
ds1,Rebuild-Zero,1223999,vocab,warning,
ds1,Rebuild-Zero,1271999,vocab,warning,
ds1,Rebuild-Zero,1295999,vocab,warning,
ds1,Rebuild-Zero,1319999,vocab,warning,
ds1,Rebuild-Zero,1343999,vocab,change,
ds1,Rebuild-Zero,1343999,vocab,rebuild,96000.0
ds1,Rebuild-Zero,1415999,vocab,warning,
ds1,Rebuild-Zero,1439999,vocab,warning,
ds1,Rebuild-Zero,1463999,vocab,warning,
ds1,Rebuild-Zero,1487999,vocab,warning,
ds1,Rebuild-Zero,1511999,vocab,warning,
ds1,Rebuild-Zero,1535999,vocab,warning,
ds1,Rebuild-Zero,1559999,vocab,warning,
ds1,Rebuild-Init,119999,vocab,warning,
ds1,Rebuild-Init,143999,vocab,warning,
ds1,Rebuild-Init,167999,vocab,warning,
ds1,Rebuild-Init,191999,vocab,warning,
ds1,Rebuild-Init,215999,vocab,warning,
ds1,Rebuild-Init,239999,vocab,warning,
ds1,Rebuild-Init,263999,vocab,warning,
ds1,Rebuild-Init,287999,vocab,change,
ds1,Rebuild-Init,287999,vocab,rebuild,192000.0
ds1,Rebuild-Init,311999,vocab,change,
ds1,Rebuild-Init,311999,vocab,rebuild,24000.0
ds1,Rebuild-Init,359999,vocab,warning,
ds1,Rebuild-Init,383999,vocab,change,
ds1,Rebuild-Init,383999,vocab,rebuild,48000.0
ds1,Rebuild-Init,407999,vocab,warning,
ds1,Rebuild-Init,431999,vocab,warning,
ds1,Rebuild-Init,479999,vocab,warning,
ds1,Rebuild-Init,503999,vocab,change,
ds1,Rebuild-Init,503999,vocab,rebuild,48000.0
ds1,Rebuild-Init,575999,vocab,warning,
ds1,Rebuild-Init,599999,vocab,warning,
ds1,Rebuild-Init,623999,vocab,warning,
ds1,Rebuild-Init,647999,vocab,warning,
ds1,Rebuild-Init,671999,vocab,warning,
ds1,Rebuild-Init,695999,vocab,warning,
ds1,Rebuild-Init,719999,vocab,warning,
ds1,Rebuild-Init,767999,vocab,warning,
ds1,Rebuild-Init,791999,vocab,warning,
ds1,Rebuild-Init,815999,vocab,warning,
ds1,Rebuild-Init,839999,vocab,warning,
ds1,Rebuild-Init,863999,vocab,warning,
ds1,Rebuild-Init,887999,vocab,warning,
ds1,Rebuild-Init,911999,vocab,warning,
ds1,Rebuild-Init,959999,vocab,warning,
ds1,Rebuild-Init,983999,vocab,warning,
ds1,Rebuild-Init,1007999,vocab,warning,
ds1,Rebuild-Init,1055999,vocab,warning,
ds1,Rebuild-Init,1079999,vocab,warning,
ds1,Rebuild-Init,1103999,vocab,warning,
ds1,Rebuild-Init,1127999,vocab,change,
ds1,Rebuild-Init,1127999,vocab,rebuild,96000.0
ds1,Rebuild-Init,1151999,vocab,warning,
ds1,Rebuild-Init,1199999,vocab,change,
ds1,Rebuild-Init,1199999,vocab,rebuild,24000.0
ds1,Rebuild-Init,1223999,vocab,warning,
ds1,Rebuild-Init,1271999,vocab,warning,
ds1,Rebuild-Init,1295999,vocab,warning,
ds1,Rebuild-Init,1319999,vocab,warning,
ds1,Rebuild-Init,1343999,vocab,change,
ds1,Rebuild-Init,1343999,vocab,rebuild,96000.0
ds1,Rebuild-Init,1415999,vocab,warning,
ds1,Rebuild-Init,1439999,vocab,warning,
ds1,Rebuild-Init,1463999,vocab,warning,
ds1,Rebuild-Init,1487999,vocab,warning,
ds1,Rebuild-Init,1511999,vocab,warning,
ds1,Rebuild-Init,1535999,vocab,warning,
ds1,Rebuild-Init,1559999,vocab,warning,
ds1,FastSetFastReset-Zero,499999,vocab,change,
ds1,FastSetFastReset-Zero,599999,vocab,warning,
ds1,FastSetFastReset-Zero,799999,vocab,warning,
ds1,FastSetFastReset-Zero,899999,vocab,change,
ds1,FastSetFastReset-Zero,1199999,vocab,warning,
ds1,FastSetFastReset-Zero,1399999,vocab,change,
ds1,FastSetFastReset-Init,119999,vocab,warning,
ds1,FastSetFastReset-Init,143999,vocab,warning,
ds1,FastSetFastReset-Init,167999,vocab,warning,
ds1,FastSetFastReset-Init,191999,vocab,warning,
ds1,FastSetFastReset-Init,215999,vocab,warning,
ds1,FastSetFastReset-Init,239999,vocab,warning,
ds1,FastSetFastReset-Init,263999,vocab,warning,
ds1,FastSetFastReset-Init,287999,vocab,change,
ds1,FastSetFastReset-Init,311999,vocab,change,
ds1,FastSetFastReset-Init,359999,vocab,warning,
ds1,FastSetFastReset-Init,383999,vocab,change,
ds1,FastSetFastReset-Init,407999,vocab,warning,
ds1,FastSetFastReset-Init,431999,vocab,warning,
ds1,FastSetFastReset-Init,479999,vocab,warning,
ds1,FastSetFastReset-Init,503999,vocab,change,
ds1,FastSetFastReset-Init,575999,vocab,warning,
ds1,FastSetFastReset-Init,599999,vocab,warning,
ds1,FastSetFastReset-Init,623999,vocab,warning,
ds1,FastSetFastReset-Init,647999,vocab,warning,
ds1,FastSetFastReset-Init,671999,vocab,warning,
ds1,FastSetFastReset-Init,695999,vocab,warning,
ds1,FastSetFastReset-Init,719999,vocab,warning,
ds1,FastSetFastReset-Init,767999,vocab,warning,
ds1,FastSetFastReset-Init,791999,vocab,warning,
ds1,FastSetFastReset-Init,815999,vocab,warning,
ds1,FastSetFastReset-Init,839999,vocab,warning,
ds1,FastSetFastReset-Init,863999,vocab,warning,
ds1,FastSetFastReset-Init,887999,vocab,warning,
ds1,FastSetFastReset-Init,911999,vocab,warning,
ds1,FastSetFastReset-Init,959999,vocab,warning,
ds1,FastSetFastReset-Init,983999,vocab,warning,
ds1,FastSetFastReset-Init,1007999,vocab,warning,
ds1,FastSetFastReset-Init,1055999,vocab,warning,
ds1,FastSetFastReset-Init,1079999,vocab,warning,
ds1,FastSetFastReset-Init,1103999,vocab,warning,
ds1,FastSetFastReset-Init,1127999,vocab,change,
ds1,FastSetFastReset-Init,1151999,vocab,warning,
ds1,FastSetFastReset-Init,1199999,vocab,change,
ds1,FastSetFastReset-Init,1223999,vocab,warning,
ds1,FastSetFastReset-Init,1271999,vocab,warning,
ds1,FastSetFastReset-Init,1295999,vocab,warning,
ds1,FastSetFastReset-Init,1319999,vocab,warning,
ds1,FastSetFastReset-Init,1343999,vocab,change,
ds1,FastSetFastReset-Init,1415999,vocab,warning,
ds1,FastSetFastReset-Init,1439999,vocab,warning,
ds1,FastSetFastReset-Init,1463999,vocab,warning,
ds1,FastSetFastReset-Init,1487999,vocab,warning,
ds1,FastSetFastReset-Init,1511999,vocab,warning,
ds1,FastSetFastReset-Init,1535999,vocab,warning,
ds1,FastSetFastReset-Init,1559999,vocab,warning,
ds1,FastSetSlowDecrease-Zero,499999,vocab,change,
ds1,FastSetSlowDecrease-Zero,599999,vocab,warning,
ds1,FastSetSlowDecrease-Zero,799999,vocab,warning,
ds1,FastSetSlowDecrease-Zero,899999,vocab,change,
ds1,FastSetSlowDecrease-Zero,1199999,vocab,warning,
ds1,FastSetSlowDecrease-Zero,1399999,vocab,change,
ds1,FastSetSlowDecrease-Init,119999,vocab,warning,
ds1,FastSetSlowDecrease-Init,143999,vocab,warning,
ds1,FastSetSlowDecrease-Init,167999,vocab,warning,
ds1,FastSetSlowDecrease-Init,191999,vocab,warning,
ds1,FastSetSlowDecrease-Init,215999,vocab,warning,
ds1,FastSetSlowDecrease-Init,239999,vocab,warning,
ds1,FastSetSlowDecrease-Init,263999,vocab,warning,
ds1,FastSetSlowDecrease-Init,287999,vocab,change,
ds1,FastSetSlowDecrease-Init,311999,vocab,change,
ds1,FastSetSlowDecrease-Init,359999,vocab,warning,
ds1,FastSetSlowDecrease-Init,383999,vocab,change,
ds1,FastSetSlowDecrease-Init,407999,vocab,warning,
ds1,FastSetSlowDecrease-Init,431999,vocab,warning,
ds1,FastSetSlowDecrease-Init,479999,vocab,warning,
ds1,FastSetSlowDecrease-Init,503999,vocab,change,
ds1,FastSetSlowDecrease-Init,575999,vocab,warning,
ds1,FastSetSlowDecrease-Init,599999,vocab,warning,
ds1,FastSetSlowDecrease-Init,623999,vocab,warning,
ds1,FastSetSlowDecrease-Init,647999,vocab,warning,
ds1,FastSetSlowDecrease-Init,671999,vocab,warning,
ds1,FastSetSlowDecrease-Init,695999,vocab,warning,
ds1,FastSetSlowDecrease-Init,719999,vocab,warning,
ds1,FastSetSlowDecrease-Init,767999,vocab,warning,
ds1,FastSetSlowDecrease-Init,791999,vocab,warning,
ds1,FastSetSlowDecrease-Init,815999,vocab,warning,
ds1,FastSetSlowDecrease-Init,839999,vocab,warning,
ds1,FastSetSlowDecrease-Init,863999,vocab,warning,
ds1,FastSetSlowDecrease-Init,887999,vocab,warning,
ds1,FastSetSlowDecrease-Init,911999,vocab,warning,
ds1,FastSetSlowDecrease-Init,959999,vocab,warning,
ds1,FastSetSlowDecrease-Init,983999,vocab,warning,
ds1,FastSetSlowDecrease-Init,1007999,vocab,warning,
ds1,FastSetSlowDecrease-Init,1055999,vocab,warning,
ds1,FastSetSlowDecrease-Init,1079999,vocab,warning,
ds1,FastSetSlowDecrease-Init,1103999,vocab,warning,
ds1,FastSetSlowDecrease-Init,1127999,vocab,change,
ds1,FastSetSlowDecrease-Init,1151999,vocab,warning,
ds1,FastSetSlowDecrease-Init,1199999,vocab,change,
ds1,FastSetSlowDecrease-Init,1223999,vocab,warning,
ds1,FastSetSlowDecrease-Init,1271999,vocab,warning,
ds1,FastSetSlowDecrease-Init,1295999,vocab,warning,
ds1,FastSetSlowDecrease-Init,1319999,vocab,warning,
ds1,FastSetSlowDecrease-Init,1343999,vocab,change,
ds1,FastSetSlowDecrease-Init,1415999,vocab,warning,
ds1,FastSetSlowDecrease-Init,1439999,vocab,warning,
ds1,FastSetSlowDecrease-Init,1463999,vocab,warning,
ds1,FastSetSlowDecrease-Init,1487999,vocab,warning,
ds1,FastSetSlowDecrease-Init,1511999,vocab,warning,
ds1,FastSetSlowDecrease-Init,1535999,vocab,warning,
ds1,FastSetSlowDecrease-Init,1559999,vocab,warning,
ds1,SlowIncreaseUpToALimit-Zero,119999,vocab,warning,
ds1,SlowIncreaseUpToALimit-Zero,143999,vocab,warning,
ds1,SlowIncreaseUpToALimit-Zero,167999,vocab,warning,
ds1,SlowIncreaseUpToALimit-Zero,191999,vocab,warning,
ds1,SlowIncreaseUpToALimit-Zero,215999,vocab,warning,
ds1,SlowIncreaseUpToALimit-Zero,239999,vocab,warning,
ds1,SlowIncreaseUpToALimit-Zero,263999,vocab,warning,
ds1,SlowIncreaseUpToALimit-Zero,287999,vocab,change,
ds1,SlowIncreaseUpToALimit-Zero,311999,vocab,change,
ds1,SlowIncreaseUpToALimit-Zero,359999,vocab,warning,
ds1,SlowIncreaseUpToALimit-Zero,383999,vocab,change,
ds1,SlowIncreaseUpToALimit-Zero,407999,vocab,warning,
ds1,SlowIncreaseUpToALimit-Zero,431999,vocab,warning,
ds1,SlowIncreaseUpToALimit-Zero,479999,vocab,warning,
ds1,SlowIncreaseUpToALimit-Zero,503999,vocab,change,
ds1,SlowIncreaseUpToALimit-Zero,575999,vocab,warning,
ds1,SlowIncreaseUpToALimit-Zero,599999,vocab,warning,
ds1,SlowIncreaseUpToALimit-Zero,623999,vocab,warning,
ds1,SlowIncreaseUpToALimit-Zero,647999,vocab,warning,
ds1,SlowIncreaseUpToALimit-Zero,671999,vocab,warning,
ds1,SlowIncreaseUpToALimit-Zero,695999,vocab,warning,
ds1,SlowIncreaseUpToALimit-Zero,719999,vocab,warning,
ds1,SlowIncreaseUpToALimit-Zero,767999,vocab,warning,
ds1,SlowIncreaseUpToALimit-Zero,791999,vocab,warning,
ds1,SlowIncreaseUpToALimit-Zero,815999,vocab,warning,
ds1,SlowIncreaseUpToALimit-Zero,839999,vocab,warning,
ds1,SlowIncreaseUpToALimit-Zero,863999,vocab,warning,
ds1,SlowIncreaseUpToALimit-Zero,887999,vocab,warning,
ds1,SlowIncreaseUpToALimit-Zero,911999,vocab,warning,
ds1,SlowIncreaseUpToALimit-Zero,959999,vocab,warning,
ds1,SlowIncreaseUpToALimit-Zero,983999,vocab,warning,
ds1,SlowIncreaseUpToALimit-Zero,1007999,vocab,warning,
ds1,SlowIncreaseUpToALimit-Zero,1055999,vocab,warning,
ds1,SlowIncreaseUpToALimit-Zero,1079999,vocab,warning,
ds1,SlowIncreaseUpToALimit-Zero,1103999,vocab,warning,
ds1,SlowIncreaseUpToALimit-Zero,1127999,vocab,change,
ds1,SlowIncreaseUpToALimit-Zero,1151999,vocab,warning,
ds1,SlowIncreaseUpToALimit-Zero,1199999,vocab,change,
ds1,SlowIncreaseUpToALimit-Zero,1223999,vocab,warning,
ds1,SlowIncreaseUpToALimit-Zero,1271999,vocab,warning,
ds1,SlowIncreaseUpToALimit-Zero,1295999,vocab,warning,
ds1,SlowIncreaseUpToALimit-Zero,1319999,vocab,warning,
ds1,SlowIncreaseUpToALimit-Zero,1343999,vocab,change,
ds1,SlowIncreaseUpToALimit-Zero,1415999,vocab,warning,
ds1,SlowIncreaseUpToALimit-Zero,1439999,vocab,warning,
ds1,SlowIncreaseUpToALimit-Zero,1463999,vocab,warning,
ds1,SlowIncreaseUpToALimit-Zero,1487999,vocab,warning,
ds1,SlowIncreaseUpToALimit-Zero,1511999,vocab,warning,
ds1,SlowIncreaseUpToALimit-Zero,1535999,vocab,warning,
ds1,SlowIncreaseUpToALimit-Zero,1559999,vocab,warning,
ds1,SlowIncreaseUpToALimit-Init,119999,vocab,warning,
ds1,SlowIncreaseUpToALimit-Init,143999,vocab,warning,
ds1,SlowIncreaseUpToALimit-Init,167999,vocab,warning,
ds1,SlowIncreaseUpToALimit-Init,191999,vocab,warning,
ds1,SlowIncreaseUpToALimit-Init,215999,vocab,warning,
ds1,SlowIncreaseUpToALimit-Init,239999,vocab,warning,
ds1,SlowIncreaseUpToALimit-Init,263999,vocab,warning,
ds1,SlowIncreaseUpToALimit-Init,287999,vocab,change,
ds1,SlowIncreaseUpToALimit-Init,311999,vocab,change,
ds1,SlowIncreaseUpToALimit-Init,359999,vocab,warning,
ds1,SlowIncreaseUpToALimit-Init,383999,vocab,change,
ds1,SlowIncreaseUpToALimit-Init,407999,vocab,warning,
ds1,SlowIncreaseUpToALimit-Init,431999,vocab,warning,
ds1,SlowIncreaseUpToALimit-Init,479999,vocab,warning,
ds1,SlowIncreaseUpToALimit-Init,503999,vocab,change,
ds1,SlowIncreaseUpToALimit-Init,575999,vocab,warning,
ds1,SlowIncreaseUpToALimit-Init,599999,vocab,warning,
ds1,SlowIncreaseUpToALimit-Init,623999,vocab,warning,
ds1,SlowIncreaseUpToALimit-Init,647999,vocab,warning,
ds1,SlowIncreaseUpToALimit-Init,671999,vocab,warning,
ds1,SlowIncreaseUpToALimit-Init,695999,vocab,warning,
ds1,SlowIncreaseUpToALimit-Init,719999,vocab,warning,
ds1,SlowIncreaseUpToALimit-Init,767999,vocab,warning,
ds1,SlowIncreaseUpToALimit-Init,791999,vocab,warning,
ds1,SlowIncreaseUpToALimit-Init,815999,vocab,warning,
ds1,SlowIncreaseUpToALimit-Init,839999,vocab,warning,
ds1,SlowIncreaseUpToALimit-Init,863999,vocab,warning,
ds1,SlowIncreaseUpToALimit-Init,887999,vocab,warning,
ds1,SlowIncreaseUpToALimit-Init,911999,vocab,warning,
ds1,SlowIncreaseUpToALimit-Init,959999,vocab,warning,
ds1,SlowIncreaseUpToALimit-Init,983999,vocab,warning,
ds1,SlowIncreaseUpToALimit-Init,1007999,vocab,warning,
ds1,SlowIncreaseUpToALimit-Init,1055999,vocab,warning,
ds1,SlowIncreaseUpToALimit-Init,1079999,vocab,warning,
ds1,SlowIncreaseUpToALimit-Init,1103999,vocab,warning,
ds1,SlowIncreaseUpToALimit-Init,1127999,vocab,change,
ds1,SlowIncreaseUpToALimit-Init,1151999,vocab,warning,
ds1,SlowIncreaseUpToALimit-Init,1199999,vocab,change,
ds1,SlowIncreaseUpToALimit-Init,1223999,vocab,warning,
ds1,SlowIncreaseUpToALimit-Init,1271999,vocab,warning,
ds1,SlowIncreaseUpToALimit-Init,1295999,vocab,warning,
ds1,SlowIncreaseUpToALimit-Init,1319999,vocab,warning,
ds1,SlowIncreaseUpToALimit-Init,1343999,vocab,change,
ds1,SlowIncreaseUpToALimit-Init,1415999,vocab,warning,
ds1,SlowIncreaseUpToALimit-Init,1439999,vocab,warning,
ds1,SlowIncreaseUpToALimit-Init,1463999,vocab,warning,
ds1,SlowIncreaseUpToALimit-Init,1487999,vocab,warning,
ds1,SlowIncreaseUpToALimit-Init,1511999,vocab,warning,
ds1,SlowIncreaseUpToALimit-Init,1535999,vocab,warning,
ds1,SlowIncreaseUpToALimit-Init,1559999,vocab,warning,
ds1,SlowIncreaseFastReset-Zero,119999,vocab,warning,
ds1,SlowIncreaseFastReset-Zero,143999,vocab,warning,
ds1,SlowIncreaseFastReset-Zero,167999,vocab,warning,
ds1,SlowIncreaseFastReset-Zero,191999,vocab,warning,
ds1,SlowIncreaseFastReset-Zero,215999,vocab,warning,
ds1,SlowIncreaseFastReset-Zero,239999,vocab,warning,
ds1,SlowIncreaseFastReset-Zero,263999,vocab,warning,
ds1,SlowIncreaseFastReset-Zero,287999,vocab,change,
ds1,SlowIncreaseFastReset-Zero,311999,vocab,change,
ds1,SlowIncreaseFastReset-Zero,359999,vocab,warning,
ds1,SlowIncreaseFastReset-Zero,383999,vocab,change,
ds1,SlowIncreaseFastReset-Zero,407999,vocab,warning,
ds1,SlowIncreaseFastReset-Zero,431999,vocab,warning,
ds1,SlowIncreaseFastReset-Zero,479999,vocab,warning,
ds1,SlowIncreaseFastReset-Zero,503999,vocab,change,
ds1,SlowIncreaseFastReset-Zero,575999,vocab,warning,
ds1,SlowIncreaseFastReset-Zero,599999,vocab,warning,
ds1,SlowIncreaseFastReset-Zero,623999,vocab,warning,
ds1,SlowIncreaseFastReset-Zero,647999,vocab,warning,
ds1,SlowIncreaseFastReset-Zero,671999,vocab,warning,
ds1,SlowIncreaseFastReset-Zero,695999,vocab,warning,
ds1,SlowIncreaseFastReset-Zero,719999,vocab,warning,
ds1,SlowIncreaseFastReset-Zero,767999,vocab,warning,
ds1,SlowIncreaseFastReset-Zero,791999,vocab,warning,
ds1,SlowIncreaseFastReset-Zero,815999,vocab,warning,
ds1,SlowIncreaseFastReset-Zero,839999,vocab,warning,
ds1,SlowIncreaseFastReset-Zero,863999,vocab,warning,
ds1,SlowIncreaseFastReset-Zero,887999,vocab,warning,
ds1,SlowIncreaseFastReset-Zero,911999,vocab,warning,
ds1,SlowIncreaseFastReset-Zero,959999,vocab,warning,
ds1,SlowIncreaseFastReset-Zero,983999,vocab,warning,
ds1,SlowIncreaseFastReset-Zero,1007999,vocab,warning,
ds1,SlowIncreaseFastReset-Zero,1055999,vocab,warning,
ds1,SlowIncreaseFastReset-Zero,1079999,vocab,warning,
ds1,SlowIncreaseFastReset-Zero,1103999,vocab,warning,
ds1,SlowIncreaseFastReset-Zero,1127999,vocab,change,
ds1,SlowIncreaseFastReset-Zero,1151999,vocab,warning,
ds1,SlowIncreaseFastReset-Zero,1199999,vocab,change,
ds1,SlowIncreaseFastReset-Zero,1223999,vocab,warning,
ds1,SlowIncreaseFastReset-Zero,1271999,vocab,warning,
ds1,SlowIncreaseFastReset-Zero,1295999,vocab,warning,
ds1,SlowIncreaseFastReset-Zero,1319999,vocab,warning,
ds1,SlowIncreaseFastReset-Zero,1343999,vocab,change,
ds1,SlowIncreaseFastReset-Zero,1415999,vocab,warning,
ds1,SlowIncreaseFastReset-Zero,1439999,vocab,warning,
ds1,SlowIncreaseFastReset-Zero,1463999,vocab,warning,
ds1,SlowIncreaseFastReset-Zero,1487999,vocab,warning,
ds1,SlowIncreaseFastReset-Zero,1511999,vocab,warning,
ds1,SlowIncreaseFastReset-Zero,1535999,vocab,warning,
ds1,SlowIncreaseFastReset-Zero,1559999,vocab,warning,
ds1,SlowIncreaseFastReset-Init,119999,vocab,warning,
ds1,SlowIncreaseFastReset-Init,143999,vocab,warning,
ds1,SlowIncreaseFastReset-Init,167999,vocab,warning,
ds1,SlowIncreaseFastReset-Init,191999,vocab,warning,
ds1,SlowIncreaseFastReset-Init,215999,vocab,warning,
ds1,SlowIncreaseFastReset-Init,239999,vocab,warning,
ds1,SlowIncreaseFastReset-Init,263999,vocab,warning,
ds1,SlowIncreaseFastReset-Init,287999,vocab,change,
ds1,SlowIncreaseFastReset-Init,311999,vocab,change,
ds1,SlowIncreaseFastReset-Init,359999,vocab,warning,
ds1,SlowIncreaseFastReset-Init,383999,vocab,change,
ds1,SlowIncreaseFastReset-Init,407999,vocab,warning,
ds1,SlowIncreaseFastReset-Init,431999,vocab,warning,
ds1,SlowIncreaseFastReset-Init,479999,vocab,warning,
ds1,SlowIncreaseFastReset-Init,503999,vocab,change,
ds1,SlowIncreaseFastReset-Init,575999,vocab,warning,
ds1,SlowIncreaseFastReset-Init,599999,vocab,warning,
ds1,SlowIncreaseFastReset-Init,623999,vocab,warning,
ds1,SlowIncreaseFastReset-Init,647999,vocab,warning,
ds1,SlowIncreaseFastReset-Init,671999,vocab,warning,
ds1,SlowIncreaseFastReset-Init,695999,vocab,warning,
ds1,SlowIncreaseFastReset-Init,719999,vocab,warning,
ds1,SlowIncreaseFastReset-Init,767999,vocab,warning,
ds1,SlowIncreaseFastReset-Init,791999,vocab,warning,
ds1,SlowIncreaseFastReset-Init,815999,vocab,warning,
ds1,SlowIncreaseFastReset-Init,839999,vocab,warning,
ds1,SlowIncreaseFastReset-Init,863999,vocab,warning,
ds1,SlowIncreaseFastReset-Init,887999,vocab,warning,
ds1,SlowIncreaseFastReset-Init,911999,vocab,warning,
ds1,SlowIncreaseFastReset-Init,959999,vocab,warning,
ds1,SlowIncreaseFastReset-Init,983999,vocab,warning,
ds1,SlowIncreaseFastReset-Init,1007999,vocab,warning,
ds1,SlowIncreaseFastReset-Init,1055999,vocab,warning,
ds1,SlowIncreaseFastReset-Init,1079999,vocab,warning,
ds1,SlowIncreaseFastReset-Init,1103999,vocab,warning,
ds1,SlowIncreaseFastReset-Init,1127999,vocab,change,
ds1,SlowIncreaseFastReset-Init,1151999,vocab,warning,
ds1,SlowIncreaseFastReset-Init,1199999,vocab,change,
ds1,SlowIncreaseFastReset-Init,1223999,vocab,warning,
ds1,SlowIncreaseFastReset-Init,1271999,vocab,warning,
ds1,SlowIncreaseFastReset-Init,1295999,vocab,warning,
ds1,SlowIncreaseFastReset-Init,1319999,vocab,warning,
ds1,SlowIncreaseFastReset-Init,1343999,vocab,change,
ds1,SlowIncreaseFastReset-Init,1415999,vocab,warning,
ds1,SlowIncreaseFastReset-Init,1439999,vocab,warning,
ds1,SlowIncreaseFastReset-Init,1463999,vocab,warning,
ds1,SlowIncreaseFastReset-Init,1487999,vocab,warning,
ds1,SlowIncreaseFastReset-Init,1511999,vocab,warning,
ds1,SlowIncreaseFastReset-Init,1535999,vocab,warning,
ds1,SlowIncreaseFastReset-Init,1559999,vocab,warning,
ds2,Rebuild-Zero,109999,vocab,warning,
ds2,Rebuild-Zero,131999,vocab,warning,
ds2,Rebuild-Zero,153999,vocab,warning,
ds2,Rebuild-Zero,175999,vocab,change,
ds2,Rebuild-Zero,175999,vocab,rebuild,88000.0
ds2,Rebuild-Zero,241999,vocab,warning,
ds2,Rebuild-Zero,263999,vocab,warning,
ds2,Rebuild-Zero,285999,vocab,warning,
ds2,Rebuild-Zero,307999,vocab,change,
ds2,Rebuild-Zero,307999,vocab,rebuild,88000.0
ds2,Rebuild-Zero,373999,vocab,warning,
ds2,Rebuild-Zero,417999,vocab,warning,
ds2,Rebuild-Zero,439999,vocab,change,
ds2,Rebuild-Zero,439999,vocab,rebuild,44000.0
ds2,Rebuild-Zero,461999,vocab,change,
ds2,Rebuild-Zero,461999,vocab,rebuild,22000.0
ds2,Rebuild-Zero,505999,vocab,warning,
ds2,Rebuild-Zero,527999,vocab,warning,
ds2,Rebuild-Zero,549999,vocab,change,
ds2,Rebuild-Zero,549999,vocab,rebuild,66000.0
ds2,Rebuild-Zero,615999,vocab,change,
ds2,Rebuild-Zero,615999,vocab,rebuild,22000.0
ds2,Rebuild-Zero,681999,vocab,change,
ds2,Rebuild-Zero,681999,vocab,rebuild,22000.0
ds2,Rebuild-Zero,747999,vocab,warning,
ds2,Rebuild-Zero,769999,vocab,warning,
ds2,Rebuild-Zero,791999,vocab,change,
ds2,Rebuild-Zero,791999,vocab,rebuild,66000.0
ds2,Rebuild-Zero,813999,vocab,warning,
ds2,Rebuild-Zero,835999,vocab,warning,
ds2,Rebuild-Zero,857999,vocab,warning,
ds2,Rebuild-Zero,901999,vocab,warning,
ds2,Rebuild-Zero,945999,vocab,warning,
ds2,Rebuild-Zero,967999,vocab,warning,
ds2,Rebuild-Zero,989999,vocab,warning,
ds2,Rebuild-Zero,1033999,vocab,warning,
ds2,Rebuild-Zero,1055999,vocab,warning,
ds2,Rebuild-Init,109999,vocab,warning,
ds2,Rebuild-Init,131999,vocab,warning,
ds2,Rebuild-Init,153999,vocab,warning,
ds2,Rebuild-Init,175999,vocab,change,
ds2,Rebuild-Init,175999,vocab,rebuild,88000.0
ds2,Rebuild-Init,241999,vocab,warning,
ds2,Rebuild-Init,263999,vocab,warning,
ds2,Rebuild-Init,285999,vocab,warning,
ds2,Rebuild-Init,307999,vocab,change,
ds2,Rebuild-Init,307999,vocab,rebuild,88000.0
ds2,Rebuild-Init,373999,vocab,warning,
ds2,Rebuild-Init,417999,vocab,warning,
ds2,Rebuild-Init,439999,vocab,change,
ds2,Rebuild-Init,439999,vocab,rebuild,44000.0
ds2,Rebuild-Init,461999,vocab,change,
ds2,Rebuild-Init,461999,vocab,rebuild,22000.0
ds2,Rebuild-Init,505999,vocab,warning,
ds2,Rebuild-Init,527999,vocab,warning,
ds2,Rebuild-Init,549999,vocab,change,
ds2,Rebuild-Init,549999,vocab,rebuild,66000.0
ds2,Rebuild-Init,615999,vocab,change,
ds2,Rebuild-Init,615999,vocab,rebuild,22000.0
ds2,Rebuild-Init,681999,vocab,change,
ds2,Rebuild-Init,681999,vocab,rebuild,22000.0
ds2,Rebuild-Init,747999,vocab,warning,
ds2,Rebuild-Init,769999,vocab,warning,
ds2,Rebuild-Init,791999,vocab,change,
ds2,Rebuild-Init,791999,vocab,rebuild,66000.0
ds2,Rebuild-Init,813999,vocab,warning,
ds2,Rebuild-Init,835999,vocab,warning,
ds2,Rebuild-Init,857999,vocab,warning,
ds2,Rebuild-Init,901999,vocab,warning,
ds2,Rebuild-Init,945999,vocab,warning,
ds2,Rebuild-Init,967999,vocab,warning,
ds2,Rebuild-Init,989999,vocab,warning,
ds2,Rebuild-Init,1033999,vocab,warning,
ds2,Rebuild-Init,1055999,vocab,warning,
ds2,FastSetFastReset-Zero,499999,vocab,warning,
ds2,FastSetFastReset-Zero,599999,vocab,warning,
ds2,FastSetFastReset-Zero,699999,vocab,warning,
ds2,FastSetFastReset-Zero,799999,vocab,warning,
ds2,FastSetFastReset-Zero,899999,vocab,change,
ds2,FastSetFastReset-Init,109999,vocab,warning,
ds2,FastSetFastReset-Init,131999,vocab,warning,
ds2,FastSetFastReset-Init,153999,vocab,warning,
ds2,FastSetFastReset-Init,175999,vocab,change,
ds2,FastSetFastReset-Init,241999,vocab,warning,
ds2,FastSetFastReset-Init,263999,vocab,warning,
ds2,FastSetFastReset-Init,285999,vocab,warning,
ds2,FastSetFastReset-Init,307999,vocab,change,
ds2,FastSetFastReset-Init,373999,vocab,warning,
ds2,FastSetFastReset-Init,417999,vocab,warning,
ds2,FastSetFastReset-Init,439999,vocab,change,
ds2,FastSetFastReset-Init,461999,vocab,change,
ds2,FastSetFastReset-Init,505999,vocab,warning,
ds2,FastSetFastReset-Init,527999,vocab,warning,
ds2,FastSetFastReset-Init,549999,vocab,change,
ds2,FastSetFastReset-Init,615999,vocab,change,
ds2,FastSetFastReset-Init,681999,vocab,change,
ds2,FastSetFastReset-Init,747999,vocab,warning,
ds2,FastSetFastReset-Init,769999,vocab,warning,
ds2,FastSetFastReset-Init,791999,vocab,change,
ds2,FastSetFastReset-Init,813999,vocab,warning,
ds2,FastSetFastReset-Init,835999,vocab,warning,
ds2,FastSetFastReset-Init,857999,vocab,warning,
ds2,FastSetFastReset-Init,901999,vocab,warning,
ds2,FastSetFastReset-Init,945999,vocab,warning,
ds2,FastSetFastReset-Init,967999,vocab,warning,
ds2,FastSetFastReset-Init,989999,vocab,warning,
ds2,FastSetFastReset-Init,1033999,vocab,warning,
ds2,FastSetFastReset-Init,1055999,vocab,warning,
ds2,FastSetSlowDecrease-Zero,499999,vocab,warning,
ds2,FastSetSlowDecrease-Zero,599999,vocab,warning,
ds2,FastSetSlowDecrease-Zero,699999,vocab,warning,
ds2,FastSetSlowDecrease-Zero,799999,vocab,warning,
ds2,FastSetSlowDecrease-Zero,899999,vocab,change,
ds2,FastSetSlowDecrease-Init,109999,vocab,warning,
ds2,FastSetSlowDecrease-Init,131999,vocab,warning,
ds2,FastSetSlowDecrease-Init,153999,vocab,warning,
ds2,FastSetSlowDecrease-Init,175999,vocab,change,
ds2,FastSetSlowDecrease-Init,241999,vocab,warning,
ds2,FastSetSlowDecrease-Init,263999,vocab,warning,
ds2,FastSetSlowDecrease-Init,285999,vocab,warning,
ds2,FastSetSlowDecrease-Init,307999,vocab,change,
ds2,FastSetSlowDecrease-Init,373999,vocab,warning,
ds2,FastSetSlowDecrease-Init,417999,vocab,warning,
ds2,FastSetSlowDecrease-Init,439999,vocab,change,
ds2,FastSetSlowDecrease-Init,461999,vocab,change,
ds2,FastSetSlowDecrease-Init,505999,vocab,warning,
ds2,FastSetSlowDecrease-Init,527999,vocab,warning,
ds2,FastSetSlowDecrease-Init,549999,vocab,change,
ds2,FastSetSlowDecrease-Init,615999,vocab,change,
ds2,FastSetSlowDecrease-Init,681999,vocab,change,
ds2,FastSetSlowDecrease-Init,747999,vocab,warning,
ds2,FastSetSlowDecrease-Init,769999,vocab,warning,
ds2,FastSetSlowDecrease-Init,791999,vocab,change,
ds2,FastSetSlowDecrease-Init,813999,vocab,warning,
ds2,FastSetSlowDecrease-Init,835999,vocab,warning,
ds2,FastSetSlowDecrease-Init,857999,vocab,warning,
ds2,FastSetSlowDecrease-Init,901999,vocab,warning,
ds2,FastSetSlowDecrease-Init,945999,vocab,warning,
ds2,FastSetSlowDecrease-Init,967999,vocab,warning,
ds2,FastSetSlowDecrease-Init,989999,vocab,warning,
ds2,FastSetSlowDecrease-Init,1033999,vocab,warning,
ds2,FastSetSlowDecrease-Init,1055999,vocab,warning,
ds2,SlowIncreaseUpToALimit-Zero,109999,vocab,warning,
ds2,SlowIncreaseUpToALimit-Zero,131999,vocab,warning,
ds2,SlowIncreaseUpToALimit-Zero,153999,vocab,warning,
ds2,SlowIncreaseUpToALimit-Zero,175999,vocab,change,
ds2,SlowIncreaseUpToALimit-Zero,241999,vocab,warning,
ds2,SlowIncreaseUpToALimit-Zero,263999,vocab,warning,
ds2,SlowIncreaseUpToALimit-Zero,285999,vocab,warning,
ds2,SlowIncreaseUpToALimit-Zero,307999,vocab,change,
ds2,SlowIncreaseUpToALimit-Zero,373999,vocab,warning,
ds2,SlowIncreaseUpToALimit-Zero,417999,vocab,warning,
ds2,SlowIncreaseUpToALimit-Zero,439999,vocab,change,
ds2,SlowIncreaseUpToALimit-Zero,461999,vocab,change,
ds2,SlowIncreaseUpToALimit-Zero,505999,vocab,warning,
ds2,SlowIncreaseUpToALimit-Zero,527999,vocab,warning,
ds2,SlowIncreaseUpToALimit-Zero,549999,vocab,change,
ds2,SlowIncreaseUpToALimit-Zero,615999,vocab,change,
ds2,SlowIncreaseUpToALimit-Zero,681999,vocab,change,
ds2,SlowIncreaseUpToALimit-Zero,747999,vocab,warning,
ds2,SlowIncreaseUpToALimit-Zero,769999,vocab,warning,
ds2,SlowIncreaseUpToALimit-Zero,791999,vocab,change,
ds2,SlowIncreaseUpToALimit-Zero,813999,vocab,warning,
ds2,SlowIncreaseUpToALimit-Zero,835999,vocab,warning,
ds2,SlowIncreaseUpToALimit-Zero,857999,vocab,warning,
ds2,SlowIncreaseUpToALimit-Zero,901999,vocab,warning,
ds2,SlowIncreaseUpToALimit-Zero,945999,vocab,warning,
ds2,SlowIncreaseUpToALimit-Zero,967999,vocab,warning,
ds2,SlowIncreaseUpToALimit-Zero,989999,vocab,warning,
ds2,SlowIncreaseUpToALimit-Zero,1033999,vocab,warning,
ds2,SlowIncreaseUpToALimit-Zero,1055999,vocab,warning,
ds2,SlowIncreaseUpToALimit-Init,109999,vocab,warning,
ds2,SlowIncreaseUpToALimit-Init,131999,vocab,warning,
ds2,SlowIncreaseUpToALimit-Init,153999,vocab,warning,
ds2,SlowIncreaseUpToALimit-Init,175999,vocab,change,
ds2,SlowIncreaseUpToALimit-Init,241999,vocab,warning,
ds2,SlowIncreaseUpToALimit-Init,263999,vocab,warning,
ds2,SlowIncreaseUpToALimit-Init,285999,vocab,warning,
ds2,SlowIncreaseUpToALimit-Init,307999,vocab,change,
ds2,SlowIncreaseUpToALimit-Init,373999,vocab,warning,
ds2,SlowIncreaseUpToALimit-Init,417999,vocab,warning,
ds2,SlowIncreaseUpToALimit-Init,439999,vocab,change,
ds2,SlowIncreaseUpToALimit-Init,461999,vocab,change,
ds2,SlowIncreaseUpToALimit-Init,505999,vocab,warning,
ds2,SlowIncreaseUpToALimit-Init,527999,vocab,warning,
ds2,SlowIncreaseUpToALimit-Init,549999,vocab,change,
ds2,SlowIncreaseUpToALimit-Init,615999,vocab,change,
ds2,SlowIncreaseUpToALimit-Init,681999,vocab,change,
ds2,SlowIncreaseUpToALimit-Init,747999,vocab,warning,
ds2,SlowIncreaseUpToALimit-Init,769999,vocab,warning,
ds2,SlowIncreaseUpToALimit-Init,791999,vocab,change,
ds2,SlowIncreaseUpToALimit-Init,813999,vocab,warning,
ds2,SlowIncreaseUpToALimit-Init,835999,vocab,warning,
ds2,SlowIncreaseUpToALimit-Init,857999,vocab,warning,
ds2,SlowIncreaseUpToALimit-Init,901999,vocab,warning,
ds2,SlowIncreaseUpToALimit-Init,945999,vocab,warning,
ds2,SlowIncreaseUpToALimit-Init,967999,vocab,warning,
ds2,SlowIncreaseUpToALimit-Init,989999,vocab,warning,
ds2,SlowIncreaseUpToALimit-Init,1033999,vocab,warning,
ds2,SlowIncreaseUpToALimit-Init,1055999,vocab,warning,
ds2,SlowIncreaseFastReset-Zero,109999,vocab,warning,
ds2,SlowIncreaseFastReset-Zero,131999,vocab,warning,
ds2,SlowIncreaseFastReset-Zero,153999,vocab,warning,
ds2,SlowIncreaseFastReset-Zero,175999,vocab,change,
ds2,SlowIncreaseFastReset-Zero,241999,vocab,warning,
ds2,SlowIncreaseFastReset-Zero,263999,vocab,warning,
ds2,SlowIncreaseFastReset-Zero,285999,vocab,warning,
ds2,SlowIncreaseFastReset-Zero,307999,vocab,change,
ds2,SlowIncreaseFastReset-Zero,373999,vocab,warning,
ds2,SlowIncreaseFastReset-Zero,417999,vocab,warning,
ds2,SlowIncreaseFastReset-Zero,439999,vocab,change,
ds2,SlowIncreaseFastReset-Zero,461999,vocab,change,
ds2,SlowIncreaseFastReset-Zero,505999,vocab,warning,
ds2,SlowIncreaseFastReset-Zero,527999,vocab,warning,
ds2,SlowIncreaseFastReset-Zero,549999,vocab,change,
ds2,SlowIncreaseFastReset-Zero,615999,vocab,change,
ds2,SlowIncreaseFastReset-Zero,681999,vocab,change,
ds2,SlowIncreaseFastReset-Zero,747999,vocab,warning,
ds2,SlowIncreaseFastReset-Zero,769999,vocab,warning,
ds2,SlowIncreaseFastReset-Zero,791999,vocab,change,
ds2,SlowIncreaseFastReset-Zero,813999,vocab,warning,
ds2,SlowIncreaseFastReset-Zero,835999,vocab,warning,
ds2,SlowIncreaseFastReset-Zero,857999,vocab,warning,
ds2,SlowIncreaseFastReset-Zero,901999,vocab,warning,
ds2,SlowIncreaseFastReset-Zero,945999,vocab,warning,
ds2,SlowIncreaseFastReset-Zero,967999,vocab,warning,
ds2,SlowIncreaseFastReset-Zero,989999,vocab,warning,
ds2,SlowIncreaseFastReset-Zero,1033999,vocab,warning,
ds2,SlowIncreaseFastReset-Zero,1055999,vocab,warning,
ds2,SlowIncreaseFastReset-Init,109999,vocab,warning,
ds2,SlowIncreaseFastReset-Init,131999,vocab,warning,
ds2,SlowIncreaseFastReset-Init,153999,vocab,warning,
ds2,SlowIncreaseFastReset-Init,175999,vocab,change,
ds2,SlowIncreaseFastReset-Init,241999,vocab,warning,
ds2,SlowIncreaseFastReset-Init,263999,vocab,warning,
ds2,SlowIncreaseFastReset-Init,285999,vocab,warning,
ds2,SlowIncreaseFastReset-Init,307999,vocab,change,
ds2,SlowIncreaseFastReset-Init,373999,vocab,warning,
ds2,SlowIncreaseFastReset-Init,417999,vocab,warning,
ds2,SlowIncreaseFastReset-Init,439999,vocab,change,
ds2,SlowIncreaseFastReset-Init,461999,vocab,change,
ds2,SlowIncreaseFastReset-Init,505999,vocab,warning,
ds2,SlowIncreaseFastReset-Init,527999,vocab,warning,
ds2,SlowIncreaseFastReset-Init,549999,vocab,change,
ds2,SlowIncreaseFastReset-Init,615999,vocab,change,
ds2,SlowIncreaseFastReset-Init,681999,vocab,change,
ds2,SlowIncreaseFastReset-Init,747999,vocab,warning,
ds2,SlowIncreaseFastReset-Init,769999,vocab,warning,
ds2,SlowIncreaseFastReset-Init,791999,vocab,change,
ds2,SlowIncreaseFastReset-Init,813999,vocab,warning,
ds2,SlowIncreaseFastReset-Init,835999,vocab,warning,
ds2,SlowIncreaseFastReset-Init,857999,vocab,warning,
ds2,SlowIncreaseFastReset-Init,901999,vocab,warning,
ds2,SlowIncreaseFastReset-Init,945999,vocab,warning,
ds2,SlowIncreaseFastReset-Init,967999,vocab,warning,
ds2,SlowIncreaseFastReset-Init,989999,vocab,warning,
ds2,SlowIncreaseFastReset-Init,1033999,vocab,warning,
ds2,SlowIncreaseFastReset-Init,1055999,vocab,warning,
