stream,config,idx,lambda
ds1,Rebuild-Zero,0,0.0
ds1,Rebuild-Init,0,0.2
ds1,FastSetFastReset-Zero,0,0.0
ds1,FastSetFastReset-Zero,499999,0.5
ds1,FastSetFastReset-Zero,599999,0.0
ds1,FastSetFastReset-Zero,899999,0.5
ds1,FastSetFastReset-Zero,999999,0.0
ds1,FastSetFastReset-Zero,1399999,0.5
ds1,FastSetFastReset-Zero,1499999,0.0
ds1,FastSetFastReset-Init,0,0.1
ds1,FastSetFastReset-Init,287999,0.5
ds1,FastSetFastReset-Init,335999,0.1
ds1,FastSetFastReset-Init,383999,0.5
ds1,FastSetFastReset-Init,407999,0.1
ds1,FastSetFastReset-Init,503999,0.5
ds1,FastSetFastReset-Init,527999,0.1
ds1,FastSetFastReset-Init,1127999,0.5
ds1,FastSetFastReset-Init,1151999,0.1
ds1,FastSetFastReset-Init,1199999,0.5
ds1,FastSetFastReset-Init,1223999,0.1
ds1,FastSetFastReset-Init,1343999,0.5
ds1,FastSetFastReset-Init,1367999,0.1
ds1,FastSetSlowDecrease-Zero,0,0.0
ds1,FastSetSlowDecrease-Zero,499999,0.5
ds1,FastSetSlowDecrease-Zero,599999,0.475
ds1,FastSetSlowDecrease-Zero,699999,0.45125
ds1,FastSetSlowDecrease-Zero,799999,0.42868749999999994
ds1,FastSetSlowDecrease-Zero,899999,0.5
ds1,FastSetSlowDecrease-Zero,999999,0.475
ds1,FastSetSlowDecrease-Zero,1099999,0.45125
ds1,FastSetSlowDecrease-Zero,1199999,0.42868749999999994
ds1,FastSetSlowDecrease-Zero,1299999,0.40725312499999994
ds1,FastSetSlowDecrease-Zero,1399999,0.5
ds1,FastSetSlowDecrease-Zero,1499999,0.475
ds1,FastSetSlowDecrease-Zero,1599999,0.45125
ds1,FastSetSlowDecrease-Init,0,0.1
ds1,FastSetSlowDecrease-Init,287999,0.5
ds1,FastSetSlowDecrease-Init,335999,0.475
ds1,FastSetSlowDecrease-Init,359999,0.45125
ds1,FastSetSlowDecrease-Init,383999,0.5
ds1,FastSetSlowDecrease-Init,407999,0.475
ds1,FastSetSlowDecrease-Init,431999,0.45125
ds1,FastSetSlowDecrease-Init,455999,0.42868749999999994
ds1,FastSetSlowDecrease-Init,479999,0.40725312499999994
ds1,FastSetSlowDecrease-Init,503999,0.5
ds1,FastSetSlowDecrease-Init,527999,0.475
ds1,FastSetSlowDecrease-Init,551999,0.45125
ds1,FastSetSlowDecrease-Init,575999,0.42868749999999994
ds1,FastSetSlowDecrease-Init,599999,0.40725312499999994
ds1,FastSetSlowDecrease-Init,623999,0.38689046874999994
ds1,FastSetSlowDecrease-Init,647999,0.3675459453124999
ds1,FastSetSlowDecrease-Init,671999,0.34916864804687486
ds1,FastSetSlowDecrease-Init,695999,0.3317102156445311
ds1,FastSetSlowDecrease-Init,719999,0.31512470486230454
ds1,FastSetSlowDecrease-Init,743999,0.2993684696191893
ds1,FastSetSlowDecrease-Init,767999,0.2844000461382298
ds1,FastSetSlowDecrease-Init,791999,0.2701800438313183
ds1,FastSetSlowDecrease-Init,815999,0.25667104163975235
ds1,FastSetSlowDecrease-Init,839999,0.24383748955776471
ds1,FastSetSlowDecrease-Init,863999,0.23164561507987647
ds1,FastSetSlowDecrease-Init,887999,0.22006333432588263
ds1,FastSetSlowDecrease-Init,911999,0.20906016760958848
ds1,FastSetSlowDecrease-Init,935999,0.19860715922910904
ds1,FastSetSlowDecrease-Init,959999,0.18867680126765357
ds1,FastSetSlowDecrease-Init,983999,0.17924296120427088
ds1,FastSetSlowDecrease-Init,1007999,0.17028081314405732
ds1,FastSetSlowDecrease-Init,1031999,0.16176677248685445
ds1,FastSetSlowDecrease-Init,1055999,0.15367843386251173
ds1,FastSetSlowDecrease-Init,1079999,0.14599451216938614
ds1,FastSetSlowDecrease-Init,1103999,0.13869478656091683
ds1,FastSetSlowDecrease-Init,1127999,0.5
ds1,FastSetSlowDecrease-Init,1151999,0.475
ds1,FastSetSlowDecrease-Init,1175999,0.45125
ds1,FastSetSlowDecrease-Init,1199999,0.5
ds1,FastSetSlowDecrease-Init,1223999,0.475
ds1,FastSetSlowDecrease-Init,1247999,0.45125
ds1,FastSetSlowDecrease-Init,1271999,0.42868749999999994
ds1,FastSetSlowDecrease-Init,1295999,0.40725312499999994
ds1,FastSetSlowDecrease-Init,1319999,0.38689046874999994
ds1,FastSetSlowDecrease-Init,1343999,0.5
ds1,FastSetSlowDecrease-Init,1367999,0.475
ds1,FastSetSlowDecrease-Init,1391999,0.45125
ds1,FastSetSlowDecrease-Init,1415999,0.42868749999999994
ds1,FastSetSlowDecrease-Init,1439999,0.40725312499999994
ds1,FastSetSlowDecrease-Init,1463999,0.38689046874999994
ds1,FastSetSlowDecrease-Init,1487999,0.3675459453124999
ds1,FastSetSlowDecrease-Init,1511999,0.34916864804687486
ds1,FastSetSlowDecrease-Init,1535999,0.3317102156445311
ds1,FastSetSlowDecrease-Init,1559999,0.31512470486230454
ds1,FastSetSlowDecrease-Init,1583999,0.2993684696191893
ds1,SlowIncreaseUpToALimit-Zero,0,0.0
ds1,SlowIncreaseUpToALimit-Zero,287999,0.5
ds1,SlowIncreaseUpToALimit-Init,0,0.2
ds1,SlowIncreaseUpToALimit-Init,287999,0.30000000000000004
ds1,SlowIncreaseUpToALimit-Init,311999,0.4
ds1,SlowIncreaseUpToALimit-Init,383999,0.5
ds1,SlowIncreaseFastReset-Zero,0,0.0
ds1,SlowIncreaseFastReset-Zero,287999,0.4
ds1,SlowIncreaseFastReset-Zero,311999,0.5
ds1,SlowIncreaseFastReset-Zero,335999,0.0
ds1,SlowIncreaseFastReset-Zero,383999,0.4
ds1,SlowIncreaseFastReset-Zero,503999,0.5
ds1,SlowIncreaseFastReset-Zero,527999,0.0
ds1,SlowIncreaseFastReset-Zero,1127999,0.4
ds1,SlowIncreaseFastReset-Zero,1199999,0.5
ds1,SlowIncreaseFastReset-Zero,1223999,0.0
ds1,SlowIncreaseFastReset-Zero,1343999,0.4
ds1,SlowIncreaseFastReset-Init,0,0.2
ds1,SlowIncreaseFastReset-Init,287999,0.5
ds1,SlowIncreaseFastReset-Init,311999,0.2
ds1,SlowIncreaseFastReset-Init,383999,0.5
ds1,SlowIncreaseFastReset-Init,407999,0.2
ds1,SlowIncreaseFastReset-Init,503999,0.5
ds1,SlowIncreaseFastReset-Init,527999,0.2
ds1,SlowIncreaseFastReset-Init,1127999,0.5
ds1,SlowIncreaseFastReset-Init,1151999,0.2
ds1,SlowIncreaseFastReset-Init,1199999,0.5
ds1,SlowIncreaseFastReset-Init,1223999,0.2
ds1,SlowIncreaseFastReset-Init,1343999,0.5
ds1,SlowIncreaseFastReset-Init,1367999,0.2
ds2,Rebuild-Zero,0,0.0
ds2,Rebuild-Init,0,0.25
ds2,FastSetFastReset-Zero,0,0.0
ds2,FastSetFastReset-Zero,899999,0.4
ds2,FastSetFastReset-Zero,999999,0.0
ds2,FastSetFastReset-Init,0,0.15
ds2,FastSetFastReset-Init,175999,0.5
ds2,FastSetFastReset-Init,197999,0.15
ds2,FastSetFastReset-Init,307999,0.5
ds2,FastSetFastReset-Init,329999,0.15
ds2,FastSetFastReset-Init,439999,0.5
ds2,FastSetFastReset-Init,483999,0.15
ds2,FastSetFastReset-Init,549999,0.5
ds2,FastSetFastReset-Init,571999,0.15
ds2,FastSetFastReset-Init,615999,0.5
ds2,FastSetFastReset-Init,637999,0.15
ds2,FastSetFastReset-Init,681999,0.5
ds2,FastSetFastReset-Init,703999,0.15
ds2,FastSetFastReset-Init,791999,0.5
ds2,FastSetFastReset-Init,813999,0.15
ds2,FastSetSlowDecrease-Zero,0,0.0
ds2,FastSetSlowDecrease-Zero,899999,0.4
ds2,FastSetSlowDecrease-Zero,999999,0.38
ds2,FastSetSlowDecrease-Init,0,0.15
ds2,FastSetSlowDecrease-Init,175999,0.5
ds2,FastSetSlowDecrease-Init,197999,0.475
ds2,FastSetSlowDecrease-Init,219999,0.45125
ds2,FastSetSlowDecrease-Init,241999,0.42868749999999994
ds2,FastSetSlowDecrease-Init,263999,0.40725312499999994
ds2,FastSetSlowDecrease-Init,285999,0.38689046874999994
ds2,FastSetSlowDecrease-Init,307999,0.5
ds2,FastSetSlowDecrease-Init,329999,0.475
ds2,FastSetSlowDecrease-Init,351999,0.45125
ds2,FastSetSlowDecrease-Init,373999,0.42868749999999994
ds2,FastSetSlowDecrease-Init,395999,0.40725312499999994
ds2,FastSetSlowDecrease-Init,417999,0.38689046874999994
ds2,FastSetSlowDecrease-Init,439999,0.5
ds2,FastSetSlowDecrease-Init,483999,0.475
ds2,FastSetSlowDecrease-Init,505999,0.45125
ds2,FastSetSlowDecrease-Init,527999,0.42868749999999994
ds2,FastSetSlowDecrease-Init,549999,0.5
ds2,FastSetSlowDecrease-Init,571999,0.475
ds2,FastSetSlowDecrease-Init,593999,0.45125
ds2,FastSetSlowDecrease-Init,615999,0.5
ds2,FastSetSlowDecrease-Init,637999,0.475
ds2,FastSetSlowDecrease-Init,659999,0.45125
ds2,FastSetSlowDecrease-Init,681999,0.5
ds2,FastSetSlowDecrease-Init,703999,0.475
ds2,FastSetSlowDecrease-Init,725999,0.45125
ds2,FastSetSlowDecrease-Init,747999,0.42868749999999994
ds2,FastSetSlowDecrease-Init,769999,0.40725312499999994
ds2,FastSetSlowDecrease-Init,791999,0.5
ds2,FastSetSlowDecrease-Init,813999,0.475
ds2,FastSetSlowDecrease-Init,835999,0.45125
ds2,FastSetSlowDecrease-Init,857999,0.42868749999999994
ds2,FastSetSlowDecrease-Init,879999,0.40725312499999994
ds2,FastSetSlowDecrease-Init,901999,0.38689046874999994
ds2,FastSetSlowDecrease-Init,923999,0.3675459453124999
ds2,FastSetSlowDecrease-Init,945999,0.34916864804687486
ds2,FastSetSlowDecrease-Init,967999,0.3317102156445311
ds2,FastSetSlowDecrease-Init,989999,0.31512470486230454
ds2,FastSetSlowDecrease-Init,1011999,0.2993684696191893
ds2,FastSetSlowDecrease-Init,1033999,0.2844000461382298
ds2,FastSetSlowDecrease-Init,1055999,0.2701800438313183
ds2,SlowIncreaseUpToALimit-Zero,0,0.0
ds2,SlowIncreaseUpToALimit-Zero,175999,0.1
ds2,SlowIncreaseUpToALimit-Zero,307999,0.2
ds2,SlowIncreaseUpToALimit-Zero,439999,0.30000000000000004
ds2,SlowIncreaseUpToALimit-Zero,461999,0.4
ds2,SlowIncreaseUpToALimit-Zero,549999,0.5
ds2,SlowIncreaseUpToALimit-Init,0,0.2
ds2,SlowIncreaseUpToALimit-Init,175999,0.30000000000000004
ds2,SlowIncreaseUpToALimit-Init,307999,0.4
ds2,SlowIncreaseUpToALimit-Init,439999,0.5
ds2,SlowIncreaseFastReset-Zero,0,0.0
ds2,SlowIncreaseFastReset-Zero,175999,0.2
ds2,SlowIncreaseFastReset-Zero,307999,0.4
ds2,SlowIncreaseFastReset-Zero,439999,0.5
ds2,SlowIncreaseFastReset-Zero,461999,0.0
ds2,SlowIncreaseFastReset-Zero,549999,0.2
ds2,SlowIncreaseFastReset-Zero,615999,0.4
ds2,SlowIncreaseFastReset-Zero,681999,0.5
ds2,SlowIncreaseFastReset-Zero,703999,0.0
ds2,SlowIncreaseFastReset-Zero,791999,0.2
ds2,SlowIncreaseFastReset-Init,0,0.2
ds2,SlowIncreaseFastReset-Init,175999,0.4
ds2,SlowIncreaseFastReset-Init,307999,0.5
ds2,SlowIncreaseFastReset-Init,329999,0.2
ds2,SlowIncreaseFastReset-Init,439999,0.4
ds2,SlowIncreaseFastReset-Init,461999,0.5
ds2,SlowIncreaseFastReset-Init,483999,0.2
ds2,SlowIncreaseFastReset-Init,549999,0.4
ds2,SlowIncreaseFastReset-Init,615999,0.5
ds2,SlowIncreaseFastReset-Init,637999,0.2
ds2,SlowIncreaseFastReset-Init,681999,0.4
ds2,SlowIncreaseFastReset-Init,791999,0.5
ds2,SlowIncreaseFastReset-Init,813999,0.2
