stream,config,model,strategy,lam0,w,accuracy,precision_macro,recall_macro,f1_macro,accuracy_pre_change,accuracy_post_change,n_changes,n_warnings,first_change_after_cp,runtime_s,model_entries
ds1,accumulativeMNB,accumulative,,0.0,,0.78308,0.78602,0.78308,0.78252,0.78565,0.7707,0,0,,17.8,353941
ds1,fadingMNB,fading,,0.2,,0.8017,0.80201,0.8017,0.80164,0.76329,0.98657,0,0,,28.6,353941
ds1,Rebuild-Zero,informed,Rebuild,0.0,24000,0.8076,0.80896,0.8076,0.80739,0.78136,0.93392,7,43,1343999,35.6,129564
ds1,Rebuild-Init,informed,Rebuild,0.2,24000,0.80524,0.80594,0.80524,0.80513,0.76656,0.99142,7,43,1343999,78.4,129564
ds1,FastSetFastReset-Zero,informed,FastSetFastReset,0.0,100000,0.79388,0.79547,0.79388,0.7936,0.78114,0.85518,3,3,1399999,34.6,353941
ds1,FastSetFastReset-Init,informed,FastSetFastReset,0.1,24000,0.80451,0.80485,0.80451,0.80446,0.76736,0.98337,7,43,1343999,34.1,353941
ds1,FastSetSlowDecrease-Zero,informed,FastSetSlowDecrease,0.0,100000,0.80567,0.80595,0.80567,0.80563,0.76695,0.99206,3,3,1399999,33.4,353941
ds1,FastSetSlowDecrease-Init,informed,FastSetSlowDecrease,0.1,24000,0.80049,0.80078,0.80049,0.80044,0.76074,0.99184,7,43,1343999,33.5,353941
ds1,SlowIncreaseUpToALimit-Zero,informed,SlowIncreaseUpToALimit,0.0,24000,0.80111,0.8014,0.80111,0.80107,0.76121,0.99316,7,43,1343999,31.7,353941
ds1,SlowIncreaseUpToALimit-Init,informed,SlowIncreaseUpToALimit,0.2,24000,0.79659,0.79685,0.79659,0.79654,0.75575,0.99316,7,43,1343999,32.0,353941
ds1,SlowIncreaseFastReset-Zero,informed,SlowIncreaseFastReset,0.0,24000,0.8137,0.814,0.8137,0.81366,0.77904,0.98056,7,43,1343999,34.1,353941
ds1,SlowIncreaseFastReset-Init,informed,SlowIncreaseFastReset,0.2,24000,0.80142,0.80173,0.80142,0.80137,0.76264,0.98812,7,43,1343999,33.2,353941
ds2,accumulativeMNB,accumulative,,0.0,,0.80324,0.78735,0.80727,0.79281,0.78157,0.86609,0,0,,11.9,273090
ds2,fadingMNB,fading,,0.3,,0.82481,0.80721,0.81416,0.81034,0.76606,0.99512,0,0,,20.9,273090
ds2,Rebuild-Zero,informed,Rebuild,0.0,22000,0.83021,0.81662,0.80685,0.81122,0.77612,0.98699,8,21,,28.6,120222
ds2,Rebuild-Init,informed,Rebuild,0.25,22000,0.82772,0.8135,0.80483,0.80874,0.76881,0.99849,8,21,,25.9,120222
ds2,FastSetFastReset-Zero,informed,FastSetFastReset,0.0,100000,0.81575,0.79894,0.81693,0.80479,0.78157,0.91486,1,4,899999,22.5,273090
ds2,FastSetFastReset-Init,informed,FastSetFastReset,0.15,22000,0.82698,0.8095,0.81692,0.81282,0.76917,0.99458,8,21,,24.0,273090
ds2,FastSetSlowDecrease-Zero,informed,FastSetSlowDecrease,0.0,100000,0.82322,0.80614,0.8227,0.81199,0.78157,0.94397,1,4,899999,22.9,273090
ds2,FastSetSlowDecrease-Init,informed,FastSetSlowDecrease,0.15,22000,0.82543,0.80794,0.81402,0.81072,0.76629,0.99686,8,21,,25.1,273090
ds2,SlowIncreaseUpToALimit-Zero,informed,SlowIncreaseUpToALimit,0.0,22000,0.82849,0.81109,0.81895,0.81458,0.7704,0.99688,8,21,,23.0,273090
ds2,SlowIncreaseUpToALimit-Init,informed,SlowIncreaseUpToALimit,0.2,22000,0.82483,0.8073,0.81339,0.81008,0.76548,0.99688,8,21,,23.1,273090
ds2,SlowIncreaseFastReset-Zero,informed,SlowIncreaseFastReset,0.0,22000,0.8303,0.81293,0.82441,0.81768,0.77406,0.99334,8,21,,23.2,273090
ds2,SlowIncreaseFastReset-Init,informed,SlowIncreaseFastReset,0.2,22000,0.82596,0.80846,0.81505,0.81145,0.7674,0.99571,8,21,,23.6,273090
