stream,config,model,strategy,fusion,lam0,w,detect_alpha,adwin_delta,n,n_drifts,drift_point,accuracy,precision_macro,recall_macro,f1_macro,accuracy_pre_drift,accuracy_post_drift,rebuilds,recovery_mean,recovery_max,not_recovered,recovery_per_drift,runtime_s,throughput,batch_ms_p50,batch_ms_p95,rss_growth_mb,model_entries,tolerance,recovery_window,model_detections,model_detected,model_missed,model_false_alarms,model_mean_delay,vocab_detections,vocab_detected,vocab_missed,vocab_false_alarms,vocab_mean_delay,adwin_detections,adwin_detected,adwin_missed,adwin_false_alarms,adwin_mean_delay
s_label_flip_seed0,accumulativeMNB,accumulative,,,0.0,,,,80000,1,40000,0.53411,0.53418,0.53406,0.5337,0.74492,0.3233,,,,1,[null],0.76191,104999.08519,9.10305,13.15177,5.04688,61879,10000,1000,,,,,,,,,,,,,,,
s_label_flip_seed0,fadingMNB,fading,,,0.2,,,,80000,1,40000,0.55701,0.5571,0.55697,0.55674,0.74542,0.3686,,,,1,[null],1.19599,66889.97886,14.6329,18.10427,8.30078,61879,10000,1000,,,,,,,,,,,,,,,
s_label_flip_seed0,baseline,informed,Rebuild,,0.0,4000.0,1.8,,80000,1,40000,0.72191,0.72197,0.7219,0.72189,0.73918,0.70465,3.0,3965.0,3965.0,0,[3965],1.57708,50726.57577,15.89475,23.75336,6.51172,40438,10000,1000,3.0,1.0,0.0,2.0,3999.0,3.0,1.0,0.0,2.0,3999.0,0.0,0.0,1.0,0.0,
s_label_flip_seed0,enhanced-adwin_only,enhanced,Rebuild,adwin_only,0.0,4000.0,1.8,0.01,80000,1,40000,0.74544,0.74546,0.74543,0.74543,0.74492,0.74595,1.0,3034.0,3034.0,0,[3034],1.47153,54365.29167,16.8564,21.76534,3.03516,40470,10000,1000,1.0,1.0,0.0,0.0,39.0,0.0,0.0,1.0,0.0,,1.0,1.0,0.0,0.0,39.0
s_label_flip_seed0,enhanced-or,enhanced,Rebuild,or,0.0,4000.0,1.8,0.01,80000,1,40000,0.7427,0.74274,0.74269,0.74268,0.73918,0.74622,4.0,2989.0,2989.0,0,[2989],1.71053,46769.19839,17.0557,44.55837,8.26953,40438,10000,1000,4.0,1.0,0.0,2.0,39.0,3.0,1.0,0.0,2.0,3999.0,1.0,1.0,0.0,0.0,39.0
s_label_flip_seed0,enhanced-and,enhanced,Rebuild,and,0.0,4000.0,1.8,0.01,80000,1,40000,0.74558,0.74559,0.74557,0.74557,0.74492,0.74622,2.0,3035.0,3035.0,0,[3035],1.51287,52879.5842,16.93985,23.78296,3.19531,40438,10000,1000,2.0,1.0,0.0,0.0,39.0,3.0,1.0,0.0,2.0,3999.0,1.0,1.0,0.0,0.0,39.0
s_label_flip_topic_seed0,accumulativeMNB,accumulative,,,0.0,,,,80000,1,40000,0.621,0.62124,0.62097,0.62078,0.72348,0.51852,,,,1,[null],0.80098,99877.13863,9.5958,12.14291,5.65234,59388,10000,1000,,,,,,,,,,,,,,,
s_label_flip_topic_seed0,fadingMNB,fading,,,0.2,,,,80000,1,40000,0.6221,0.62217,0.62208,0.62202,0.72395,0.52025,,,,1,[null],1.28967,62031.26174,15.6857,19.3552,4.02344,59388,10000,1000,,,,,,,,,,,,,,,
s_label_flip_topic_seed0,baseline,informed,Rebuild,,0.0,4000.0,1.8,,80000,1,40000,0.62746,0.6277,0.62744,0.62726,0.71738,0.53755,2.0,,,1,[null],1.5607,51259.1194,16.74415,24.34171,5.16797,46264,10000,1000,2.0,0.0,1.0,2.0,,2.0,0.0,1.0,2.0,,0.0,0.0,1.0,0.0,
s_label_flip_topic_seed0,enhanced-adwin_only,enhanced,Rebuild,adwin_only,0.0,4000.0,1.8,0.01,80000,1,40000,0.64088,0.64093,0.64086,0.64083,0.72348,0.55828,1.0,,,1,[null],1.41062,56712.63509,16.429,20.78173,5.80078,39519,10000,1000,1.0,1.0,0.0,0.0,103.0,0.0,0.0,1.0,0.0,,1.0,1.0,0.0,0.0,103.0
s_label_flip_topic_seed0,enhanced-or,enhanced,Rebuild,or,0.0,4000.0,1.8,0.01,80000,1,40000,0.63639,0.63649,0.63637,0.6363,0.71738,0.5554,3.0,,,1,[null],1.77019,45192.86337,18.90565,39.33525,3.69141,39956,10000,1000,3.0,1.0,0.0,2.0,103.0,2.0,0.0,1.0,2.0,,1.0,1.0,0.0,0.0,103.0
s_label_flip_topic_seed0,enhanced-and,enhanced,Rebuild,and,0.0,4000.0,1.8,0.01,80000,1,40000,0.64054,0.6406,0.64052,0.64049,0.72348,0.5576,2.0,,,1,[null],1.71079,46762.05229,18.97735,27.76131,3.53906,39396,10000,1000,2.0,1.0,0.0,0.0,103.0,2.0,0.0,1.0,2.0,,1.0,1.0,0.0,0.0,103.0
ds1,accumulativeMNB,accumulative,,,0.0,,,,1600000,1,1324775,0.78308,0.78602,0.78308,0.78252,0.78565,0.7707,,28692.0,28692.0,0,[28692],51.76957,30906.18642,31.85405,46.73428,10.51953,353941,50000,10000,,,,,,,,,,,,,,,
ds1,fadingMNB,fading,,,0.2,,,,1600000,1,1324775,0.8017,0.80201,0.8017,0.80164,0.76329,0.98657,,0.0,0.0,0,[0],64.15924,24937.9506,45.81725,73.44145,35.76562,353941,50000,10000,,,,,,,,,,,,,,,
ds1,baseline,informed,Rebuild,,0.0,24000.0,1.8,,1600000,1,1324775,0.8076,0.80896,0.8076,0.80739,0.78136,0.93392,7.0,2384.0,2384.0,0,[2384],104.9822,15240.67943,58.71,82.35483,0.85547,129564,50000,10000,7.0,1.0,0.0,6.0,19224.0,7.0,1.0,0.0,6.0,19224.0,0.0,0.0,1.0,0.0,
ds1,enhanced-adwin_only,enhanced,Rebuild,adwin_only,0.0,24000.0,1.8,0.01,1600000,1,1324775,0.8158,0.81602,0.8158,0.81577,0.7779,0.99826,9.0,0.0,0.0,0,[0],98.2719,16281.358,57.3972,81.29807,10.83203,93284,50000,10000,9.0,1.0,0.0,8.0,320.0,0.0,0.0,1.0,0.0,,10.0,1.0,0.0,9.0,320.0
ds1,enhanced-or,enhanced,Rebuild,or,0.0,24000.0,1.8,0.01,1600000,1,1324775,0.8127,0.81307,0.8127,0.81265,0.77592,0.98974,19.0,0.0,0.0,0,[0],109.23505,14647.31262,59.55295,79.82993,11.3125,86779,50000,10000,19.0,1.0,0.0,16.0,704.0,7.0,1.0,0.0,6.0,19224.0,13.0,1.0,0.0,11.0,704.0
ds1,enhanced-and,enhanced,Rebuild,and,0.0,24000.0,1.8,0.01,1600000,1,1324775,0.81673,0.81711,0.81673,0.81667,0.77877,0.99943,21.0,0.0,0.0,0,[0],112.51621,14220.17284,61.1909,79.6604,12.72266,86871,50000,10000,21.0,1.0,0.0,18.0,352.0,7.0,1.0,0.0,6.0,19224.0,12.0,1.0,0.0,10.0,352.0
