stream,config,idx,detector,kind,acted,rebuild_size,width,error_rate
s_label_flip_seed0,baseline,19999,vocab,warning,False,,,
s_label_flip_seed0,baseline,23999,vocab,change,True,,,
s_label_flip_seed0,baseline,23999,vocab,rebuild,,8000.0,,
s_label_flip_seed0,baseline,27999,vocab,warning,False,,,
s_label_flip_seed0,baseline,31999,vocab,warning,False,,,
s_label_flip_seed0,baseline,35999,vocab,warning,False,,,
s_label_flip_seed0,baseline,39999,vocab,change,True,,,
s_label_flip_seed0,baseline,39999,vocab,rebuild,,16000.0,,
s_label_flip_seed0,baseline,43999,vocab,change,True,,,
s_label_flip_seed0,baseline,43999,vocab,rebuild,,4000.0,,
s_label_flip_seed0,baseline,51999,vocab,warning,False,,,
s_label_flip_seed0,baseline,55999,vocab,warning,False,,,
s_label_flip_seed0,baseline,59999,vocab,warning,False,,,
s_label_flip_seed0,baseline,63999,vocab,warning,False,,,
s_label_flip_seed0,baseline,67999,vocab,warning,False,,,
s_label_flip_seed0,baseline,71999,vocab,warning,False,,,
s_label_flip_seed0,baseline,75999,vocab,warning,False,,,
s_label_flip_seed0,baseline,79999,vocab,warning,False,,,
s_label_flip_seed0,enhanced-adwin_only,40039,adwin,change,True,,80.0,0.5375
s_label_flip_seed0,enhanced-adwin_only,40039,adwin,rebuild,,100.0,,
s_label_flip_seed0,enhanced-or,19999,vocab,warning,False,,,
s_label_flip_seed0,enhanced-or,23999,vocab,change,True,,,
s_label_flip_seed0,enhanced-or,23999,vocab,rebuild,,8000.0,,
s_label_flip_seed0,enhanced-or,27999,vocab,warning,False,,,
s_label_flip_seed0,enhanced-or,31999,vocab,warning,False,,,
s_label_flip_seed0,enhanced-or,35999,vocab,warning,False,,,
s_label_flip_seed0,enhanced-or,39999,vocab,change,True,,,
s_label_flip_seed0,enhanced-or,39999,vocab,rebuild,,16000.0,,
s_label_flip_seed0,enhanced-or,40039,adwin,change,True,,96.0,0.5
s_label_flip_seed0,enhanced-or,40039,adwin,rebuild,,100.0,,
s_label_flip_seed0,enhanced-or,43999,vocab,change,True,,,
s_label_flip_seed0,enhanced-or,43999,vocab,rebuild,,4000.0,,
s_label_flip_seed0,enhanced-or,51999,vocab,warning,False,,,
s_label_flip_seed0,enhanced-or,55999,vocab,warning,False,,,
s_label_flip_seed0,enhanced-or,59999,vocab,warning,False,,,
s_label_flip_seed0,enhanced-or,63999,vocab,warning,False,,,
s_label_flip_seed0,enhanced-or,67999,vocab,warning,False,,,
s_label_flip_seed0,enhanced-or,71999,vocab,warning,False,,,
s_label_flip_seed0,enhanced-or,75999,vocab,warning,False,,,
s_label_flip_seed0,enhanced-or,79999,vocab,warning,False,,,
s_label_flip_seed0,enhanced-and,19999,vocab,warning,False,,,
s_label_flip_seed0,enhanced-and,23999,vocab,change,False,,,
s_label_flip_seed0,enhanced-and,27999,vocab,warning,False,,,
s_label_flip_seed0,enhanced-and,31999,vocab,warning,False,,,
s_label_flip_seed0,enhanced-and,35999,vocab,warning,False,,,
s_label_flip_seed0,enhanced-and,39999,vocab,change,False,,,
s_label_flip_seed0,enhanced-and,40039,adwin,change,True,,80.0,0.5375
s_label_flip_seed0,enhanced-and,40039,adwin,rebuild,,100.0,,
s_label_flip_seed0,enhanced-and,43999,vocab,change,True,,,
s_label_flip_seed0,enhanced-and,43999,vocab,rebuild,,4000.0,,
s_label_flip_seed0,enhanced-and,51999,vocab,warning,False,,,
s_label_flip_seed0,enhanced-and,55999,vocab,warning,False,,,
s_label_flip_seed0,enhanced-and,59999,vocab,warning,False,,,
s_label_flip_seed0,enhanced-and,63999,vocab,warning,False,,,
s_label_flip_seed0,enhanced-and,67999,vocab,warning,False,,,
s_label_flip_seed0,enhanced-and,71999,vocab,warning,False,,,
s_label_flip_seed0,enhanced-and,75999,vocab,warning,False,,,
s_label_flip_seed0,enhanced-and,79999,vocab,warning,False,,,
s_label_flip_topic_seed0,baseline,19999,vocab,change,True,,,
s_label_flip_topic_seed0,baseline,19999,vocab,rebuild,,4000.0,,
s_label_flip_topic_seed0,baseline,31999,vocab,warning,False,,,
s_label_flip_topic_seed0,baseline,35999,vocab,warning,False,,,
s_label_flip_topic_seed0,baseline,39999,vocab,change,True,,,
s_label_flip_topic_seed0,baseline,39999,vocab,rebuild,,12000.0,,
s_label_flip_topic_seed0,baseline,43999,vocab,warning,False,,,
s_label_flip_topic_seed0,baseline,47999,vocab,warning,False,,,
s_label_flip_topic_seed0,baseline,55999,vocab,warning,False,,,
s_label_flip_topic_seed0,baseline,59999,vocab,warning,False,,,
s_label_flip_topic_seed0,baseline,63999,vocab,warning,False,,,
s_label_flip_topic_seed0,baseline,67999,vocab,warning,False,,,
s_label_flip_topic_seed0,baseline,71999,vocab,warning,False,,,
s_label_flip_topic_seed0,baseline,75999,vocab,warning,False,,,
s_label_flip_topic_seed0,baseline,79999,vocab,warning,False,,,
s_label_flip_topic_seed0,enhanced-adwin_only,40103,adwin,change,True,,288.0,0.3819
s_label_flip_topic_seed0,enhanced-adwin_only,40103,adwin,rebuild,,288.0,,
s_label_flip_topic_seed0,enhanced-or,19999,vocab,change,True,,,
s_label_flip_topic_seed0,enhanced-or,19999,vocab,rebuild,,4000.0,,
s_label_flip_topic_seed0,enhanced-or,31999,vocab,warning,False,,,
s_label_flip_topic_seed0,enhanced-or,35999,vocab,warning,False,,,
s_label_flip_topic_seed0,enhanced-or,39999,vocab,change,True,,,
s_label_flip_topic_seed0,enhanced-or,39999,vocab,rebuild,,12000.0,,
s_label_flip_topic_seed0,enhanced-or,40103,adwin,change,True,,992.0,0.3085
s_label_flip_topic_seed0,enhanced-or,40103,adwin,rebuild,,992.0,,
s_label_flip_topic_seed0,enhanced-or,43999,vocab,warning,False,,,
s_label_flip_topic_seed0,enhanced-or,47999,vocab,warning,False,,,
s_label_flip_topic_seed0,enhanced-or,55999,vocab,warning,False,,,
s_label_flip_topic_seed0,enhanced-or,59999,vocab,warning,False,,,
s_label_flip_topic_seed0,enhanced-or,63999,vocab,warning,False,,,
s_label_flip_topic_seed0,enhanced-or,67999,vocab,warning,False,,,
s_label_flip_topic_seed0,enhanced-or,71999,vocab,warning,False,,,
s_label_flip_topic_seed0,enhanced-or,75999,vocab,warning,False,,,
s_label_flip_topic_seed0,enhanced-or,79999,vocab,warning,False,,,
s_label_flip_topic_seed0,enhanced-and,19999,vocab,change,False,,,
s_label_flip_topic_seed0,enhanced-and,31999,vocab,warning,False,,,
s_label_flip_topic_seed0,enhanced-and,35999,vocab,warning,False,,,
s_label_flip_topic_seed0,enhanced-and,39999,vocab,change,False,,,
s_label_flip_topic_seed0,enhanced-and,40103,adwin,change,True,,288.0,0.3819
s_label_flip_topic_seed0,enhanced-and,40103,adwin,rebuild,,288.0,,
s_label_flip_topic_seed0,enhanced-and,43999,vocab,warning,True,,,
s_label_flip_topic_seed0,enhanced-and,43999,vocab,rebuild,,4000.0,,
s_label_flip_topic_seed0,enhanced-and,47999,vocab,warning,False,,,
s_label_flip_topic_seed0,enhanced-and,55999,vocab,warning,False,,,
s_label_flip_topic_seed0,enhanced-and,59999,vocab,warning,False,,,
s_label_flip_topic_seed0,enhanced-and,63999,vocab,warning,False,,,
s_label_flip_topic_seed0,enhanced-and,67999,vocab,warning,False,,,
s_label_flip_topic_seed0,enhanced-and,71999,vocab,warning,False,,,
s_label_flip_topic_seed0,enhanced-and,75999,vocab,warning,False,,,
s_label_flip_topic_seed0,enhanced-and,79999,vocab,warning,False,,,
ds1,baseline,119999,vocab,warning,False,,,
ds1,baseline,143999,vocab,warning,False,,,
ds1,baseline,167999,vocab,warning,False,,,
ds1,baseline,191999,vocab,warning,False,,,
ds1,baseline,215999,vocab,warning,False,,,
ds1,baseline,239999,vocab,warning,False,,,
ds1,baseline,263999,vocab,warning,False,,,
ds1,baseline,287999,vocab,change,True,,,
ds1,baseline,287999,vocab,rebuild,,192000.0,,
ds1,baseline,311999,vocab,change,True,,,
ds1,baseline,311999,vocab,rebuild,,24000.0,,
ds1,baseline,359999,vocab,warning,False,,,
ds1,baseline,383999,vocab,change,True,,,
ds1,baseline,383999,vocab,rebuild,,48000.0,,
ds1,baseline,407999,vocab,warning,False,,,
ds1,baseline,431999,vocab,warning,False,,,
ds1,baseline,479999,vocab,warning,False,,,
ds1,baseline,503999,vocab,change,True,,,
ds1,baseline,503999,vocab,rebuild,,48000.0,,
ds1,baseline,575999,vocab,warning,False,,,
ds1,baseline,599999,vocab,warning,False,,,
ds1,baseline,623999,vocab,warning,False,,,
ds1,baseline,647999,vocab,warning,False,,,
ds1,baseline,671999,vocab,warning,False,,,
ds1,baseline,695999,vocab,warning,False,,,
ds1,baseline,719999,vocab,warning,False,,,
ds1,baseline,767999,vocab,warning,False,,,
ds1,baseline,791999,vocab,warning,False,,,
ds1,baseline,815999,vocab,warning,False,,,
ds1,baseline,839999,vocab,warning,False,,,
ds1,baseline,863999,vocab,warning,False,,,
ds1,baseline,887999,vocab,warning,False,,,
ds1,baseline,911999,vocab,warning,False,,,
ds1,baseline,959999,vocab,warning,False,,,
ds1,baseline,983999,vocab,warning,False,,,
ds1,baseline,1007999,vocab,warning,False,,,
ds1,baseline,1055999,vocab,warning,False,,,
ds1,baseline,1079999,vocab,warning,False,,,
ds1,baseline,1103999,vocab,warning,False,,,
ds1,baseline,1127999,vocab,change,True,,,
ds1,baseline,1127999,vocab,rebuild,,96000.0,,
ds1,baseline,1151999,vocab,warning,False,,,
ds1,baseline,1199999,vocab,change,True,,,
ds1,baseline,1199999,vocab,rebuild,,24000.0,,
ds1,baseline,1223999,vocab,warning,False,,,
ds1,baseline,1271999,vocab,warning,False,,,
ds1,baseline,1295999,vocab,warning,False,,,
ds1,baseline,1319999,vocab,warning,False,,,
ds1,baseline,1343999,vocab,change,True,,,
ds1,baseline,1343999,vocab,rebuild,,96000.0,,
ds1,baseline,1415999,vocab,warning,False,,,
ds1,baseline,1439999,vocab,warning,False,,,
ds1,baseline,1463999,vocab,warning,False,,,
ds1,baseline,1487999,vocab,warning,False,,,
ds1,baseline,1511999,vocab,warning,False,,,
ds1,baseline,1535999,vocab,warning,False,,,
ds1,baseline,1559999,vocab,warning,False,,,
ds1,enhanced-adwin_only,390407,adwin,change,True,,42784.0,0.2153
ds1,enhanced-adwin_only,390407,adwin,rebuild,,24000.0,,
ds1,enhanced-adwin_only,429991,adwin,change,True,,256.0,0.3086
ds1,enhanced-adwin_only,429991,adwin,rebuild,,256.0,,
ds1,enhanced-adwin_only,510983,adwin,change,True,,19968.0,0.2158
ds1,enhanced-adwin_only,510983,adwin,rebuild,,19968.0,,
ds1,enhanced-adwin_only,621799,adwin,change,True,,23520.0,0.2127
ds1,enhanced-adwin_only,621799,adwin,rebuild,,23520.0,,
ds1,enhanced-adwin_only,667367,adwin,change,True,,16896.0,0.2309
ds1,enhanced-adwin_only,667367,adwin,rebuild,,16896.0,,
ds1,enhanced-adwin_only,822823,adwin,change,True,,1344.0,0.2515
ds1,enhanced-adwin_only,822823,adwin,rebuild,,1344.0,,
ds1,enhanced-adwin_only,823079,adwin,change,False,,128.0,0.1328
ds1,enhanced-adwin_only,1160455,adwin,change,True,,69472.0,0.2161
ds1,enhanced-adwin_only,1160455,adwin,rebuild,,24000.0,,
ds1,enhanced-adwin_only,1315175,adwin,change,True,,36320.0,0.2219
ds1,enhanced-adwin_only,1315175,adwin,rebuild,,24000.0,,
ds1,enhanced-adwin_only,1325095,adwin,change,True,,1984.0,0.2616
ds1,enhanced-adwin_only,1325095,adwin,rebuild,,1984.0,,
ds1,enhanced-or,119999,vocab,warning,False,,,
ds1,enhanced-or,143999,vocab,warning,False,,,
ds1,enhanced-or,167999,vocab,warning,False,,,
ds1,enhanced-or,191999,vocab,warning,False,,,
ds1,enhanced-or,215999,vocab,warning,False,,,
ds1,enhanced-or,239999,vocab,warning,False,,,
ds1,enhanced-or,263999,vocab,warning,False,,,
ds1,enhanced-or,287999,vocab,change,True,,,
ds1,enhanced-or,287999,vocab,rebuild,,192000.0,,
ds1,enhanced-or,311999,vocab,change,True,,,
ds1,enhanced-or,311999,vocab,rebuild,,24000.0,,
ds1,enhanced-or,318567,adwin,change,True,,18720.0,0.2177
ds1,enhanced-or,318567,adwin,rebuild,,18720.0,,
ds1,enhanced-or,359999,vocab,warning,False,,,
ds1,enhanced-or,365735,adwin,change,True,,22720.0,0.2148
ds1,enhanced-or,365735,adwin,rebuild,,22720.0,,
ds1,enhanced-or,366887,adwin,change,False,,384.0,0.2656
ds1,enhanced-or,383999,vocab,change,True,,,
ds1,enhanced-or,383999,vocab,rebuild,,48000.0,,
ds1,enhanced-or,407999,vocab,warning,False,,,
ds1,enhanced-or,414375,adwin,change,True,,1376.0,0.2282
ds1,enhanced-or,414375,adwin,rebuild,,1376.0,,
ds1,enhanced-or,431999,vocab,warning,False,,,
ds1,enhanced-or,479999,vocab,warning,False,,,
ds1,enhanced-or,503999,vocab,change,True,,,
ds1,enhanced-or,503999,vocab,rebuild,,48000.0,,
ds1,enhanced-or,510119,adwin,change,True,,16672.0,0.2201
ds1,enhanced-or,510119,adwin,rebuild,,16672.0,,
ds1,enhanced-or,575999,vocab,warning,False,,,
ds1,enhanced-or,599999,vocab,warning,False,,,
ds1,enhanced-or,618663,adwin,change,True,,32928.0,0.2091
ds1,enhanced-or,618663,adwin,rebuild,,24000.0,,
ds1,enhanced-or,620999,adwin,change,True,,2080.0,0.2529
ds1,enhanced-or,620999,adwin,rebuild,,2080.0,,
ds1,enhanced-or,623999,vocab,warning,False,,,
ds1,enhanced-or,647999,vocab,warning,False,,,
ds1,enhanced-or,667495,adwin,change,True,,17696.0,0.2351
ds1,enhanced-or,667495,adwin,rebuild,,17696.0,,
ds1,enhanced-or,671999,vocab,warning,False,,,
ds1,enhanced-or,695999,vocab,warning,False,,,
ds1,enhanced-or,719999,vocab,warning,False,,,
ds1,enhanced-or,767999,vocab,warning,False,,,
ds1,enhanced-or,791999,vocab,warning,False,,,
ds1,enhanced-or,815999,vocab,warning,False,,,
ds1,enhanced-or,821927,adwin,change,True,,608.0,0.2549
ds1,enhanced-or,821927,adwin,rebuild,,608.0,,
ds1,enhanced-or,839999,vocab,warning,False,,,
ds1,enhanced-or,863999,vocab,warning,False,,,
ds1,enhanced-or,887999,vocab,warning,False,,,
ds1,enhanced-or,911999,vocab,warning,False,,,
ds1,enhanced-or,959999,vocab,warning,False,,,
ds1,enhanced-or,983999,vocab,warning,False,,,
ds1,enhanced-or,1007999,vocab,warning,False,,,
ds1,enhanced-or,1055999,vocab,warning,False,,,
ds1,enhanced-or,1079999,vocab,warning,False,,,
ds1,enhanced-or,1103999,vocab,warning,False,,,
ds1,enhanced-or,1127999,vocab,change,True,,,
ds1,enhanced-or,1127999,vocab,rebuild,,96000.0,,
ds1,enhanced-or,1134791,adwin,change,True,,51520.0,0.2141
ds1,enhanced-or,1134791,adwin,rebuild,,24000.0,,
ds1,enhanced-or,1151999,vocab,warning,False,,,
ds1,enhanced-or,1199999,vocab,change,True,,,
ds1,enhanced-or,1199999,vocab,rebuild,,24000.0,,
ds1,enhanced-or,1214023,adwin,change,True,,21888.0,0.2349
ds1,enhanced-or,1214023,adwin,rebuild,,21888.0,,
ds1,enhanced-or,1223999,vocab,warning,False,,,
ds1,enhanced-or,1271999,vocab,warning,False,,,
ds1,enhanced-or,1295999,vocab,warning,False,,,
ds1,enhanced-or,1319999,vocab,warning,False,,,
ds1,enhanced-or,1325479,adwin,change,True,,43168.0,0.2285
ds1,enhanced-or,1325479,adwin,rebuild,,24000.0,,
ds1,enhanced-or,1343999,vocab,change,True,,,
ds1,enhanced-or,1343999,vocab,rebuild,,96000.0,,
ds1,enhanced-or,1344199,adwin,change,True,,704.0,0.1023
ds1,enhanced-or,1344199,adwin,rebuild,,704.0,,
ds1,enhanced-or,1415999,vocab,warning,False,,,
ds1,enhanced-or,1439999,vocab,warning,False,,,
ds1,enhanced-or,1463999,vocab,warning,False,,,
ds1,enhanced-or,1487999,vocab,warning,False,,,
ds1,enhanced-or,1511999,vocab,warning,False,,,
ds1,enhanced-or,1535999,vocab,warning,False,,,
ds1,enhanced-or,1559999,vocab,warning,False,,,
ds1,enhanced-and,119999,vocab,warning,False,,,
ds1,enhanced-and,143999,vocab,warning,False,,,
ds1,enhanced-and,167999,vocab,warning,False,,,
ds1,enhanced-and,191999,vocab,warning,False,,,
ds1,enhanced-and,215999,vocab,warning,False,,,
ds1,enhanced-and,239999,vocab,warning,False,,,
ds1,enhanced-and,263999,vocab,warning,False,,,
ds1,enhanced-and,287999,vocab,change,False,,,
ds1,enhanced-and,311999,vocab,change,False,,,
ds1,enhanced-and,359999,vocab,warning,False,,,
ds1,enhanced-and,383999,vocab,change,False,,,
ds1,enhanced-and,390407,adwin,change,True,,42784.0,0.2153
ds1,enhanced-and,390407,adwin,rebuild,,24000.0,,
ds1,enhanced-and,407999,vocab,warning,True,,,
ds1,enhanced-and,407999,vocab,rebuild,,24000.0,,
ds1,enhanced-and,414375,adwin,change,True,,544.0,0.2923
ds1,enhanced-and,414375,adwin,rebuild,,544.0,,
ds1,enhanced-and,431999,vocab,warning,True,,,
ds1,enhanced-and,431999,vocab,rebuild,,48000.0,,
ds1,enhanced-and,452039,adwin,change,True,,3680.0,0.2201
ds1,enhanced-and,452039,adwin,rebuild,,3680.0,,
ds1,enhanced-and,479999,vocab,warning,False,,,
ds1,enhanced-and,503999,vocab,change,False,,,
ds1,enhanced-and,507463,adwin,change,True,,17184.0,0.2145
ds1,enhanced-and,507463,adwin,rebuild,,17184.0,,
ds1,enhanced-and,575999,vocab,warning,False,,,
ds1,enhanced-and,599999,vocab,warning,False,,,
ds1,enhanced-and,621447,adwin,change,True,,34016.0,0.2096
ds1,enhanced-and,621447,adwin,rebuild,,24000.0,,
ds1,enhanced-and,623999,vocab,warning,True,,,
ds1,enhanced-and,623999,vocab,rebuild,,72000.0,,
ds1,enhanced-and,624135,adwin,change,True,,1408.0,0.2514
ds1,enhanced-and,624135,adwin,rebuild,,1408.0,,
ds1,enhanced-and,647999,vocab,warning,True,,,
ds1,enhanced-and,647999,vocab,rebuild,,96000.0,,
ds1,enhanced-and,667495,adwin,change,True,,9600.0,0.2353
ds1,enhanced-and,667495,adwin,rebuild,,9600.0,,
ds1,enhanced-and,671999,vocab,warning,True,,,
ds1,enhanced-and,671999,vocab,rebuild,,120000.0,,
ds1,enhanced-and,695999,vocab,warning,False,,,
ds1,enhanced-and,719999,vocab,warning,False,,,
ds1,enhanced-and,767999,vocab,warning,False,,,
ds1,enhanced-and,791999,vocab,warning,False,,,
ds1,enhanced-and,815999,vocab,warning,False,,,
ds1,enhanced-and,821927,adwin,change,True,,640.0,0.2469
ds1,enhanced-and,821927,adwin,rebuild,,640.0,,
ds1,enhanced-and,839999,vocab,warning,True,,,
ds1,enhanced-and,839999,vocab,rebuild,,96000.0,,
ds1,enhanced-and,863999,vocab,warning,False,,,
ds1,enhanced-and,887999,vocab,warning,False,,,
ds1,enhanced-and,911999,vocab,warning,False,,,
ds1,enhanced-and,959999,vocab,warning,False,,,
ds1,enhanced-and,983999,vocab,warning,False,,,
ds1,enhanced-and,994695,adwin,change,True,,39712.0,0.2106
ds1,enhanced-and,994695,adwin,rebuild,,24000.0,,
ds1,enhanced-and,1007999,vocab,warning,True,,,
ds1,enhanced-and,1007999,vocab,rebuild,,72000.0,,
ds1,enhanced-and,1055999,vocab,warning,False,,,
ds1,enhanced-and,1079999,vocab,warning,False,,,
ds1,enhanced-and,1103999,vocab,warning,False,,,
ds1,enhanced-and,1126855,adwin,change,True,,45504.0,0.2141
ds1,enhanced-and,1126855,adwin,rebuild,,24000.0,,
ds1,enhanced-and,1127999,vocab,change,True,,,
ds1,enhanced-and,1127999,vocab,rebuild,,96000.0,,
ds1,enhanced-and,1151999,vocab,warning,False,,,
ds1,enhanced-and,1199999,vocab,change,False,,,
ds1,enhanced-and,1223999,vocab,warning,False,,,
ds1,enhanced-and,1271999,vocab,warning,False,,,
ds1,enhanced-and,1295999,vocab,warning,False,,,
ds1,enhanced-and,1319999,vocab,warning,False,,,
ds1,enhanced-and,1325127,adwin,change,True,,1024.0,0.2471
ds1,enhanced-and,1325127,adwin,rebuild,,1024.0,,
ds1,enhanced-and,1343999,vocab,change,True,,,
ds1,enhanced-and,1343999,vocab,rebuild,,96000.0,,
ds1,enhanced-and,1344039,adwin,change,True,,1024.0,0.0088
ds1,enhanced-and,1344039,adwin,rebuild,,1024.0,,
ds1,enhanced-and,1415999,vocab,warning,False,,,
ds1,enhanced-and,1439999,vocab,warning,False,,,
ds1,enhanced-and,1463999,vocab,warning,False,,,
ds1,enhanced-and,1487999,vocab,warning,False,,,
ds1,enhanced-and,1511999,vocab,warning,False,,,
ds1,enhanced-and,1535999,vocab,warning,False,,,
ds1,enhanced-and,1559999,vocab,warning,False,,,
