stream,seed,model,idx,detector,kind,acted
ds1,0,baseline-Rebuild,287999,vocab,change,True
ds1,0,baseline-Rebuild,287999,vocab,rebuild,
ds1,0,baseline-Rebuild,311999,vocab,change,True
ds1,0,baseline-Rebuild,311999,vocab,rebuild,
ds1,0,baseline-Rebuild,383999,vocab,change,True
ds1,0,baseline-Rebuild,383999,vocab,rebuild,
ds1,0,baseline-Rebuild,503999,vocab,change,True
ds1,0,baseline-Rebuild,503999,vocab,rebuild,
ds1,0,baseline-Rebuild,1127999,vocab,change,True
ds1,0,baseline-Rebuild,1127999,vocab,rebuild,
ds1,0,baseline-Rebuild,1199999,vocab,change,True
ds1,0,baseline-Rebuild,1199999,vocab,rebuild,
ds1,0,baseline-Rebuild,1343999,vocab,change,True
ds1,0,baseline-Rebuild,1343999,vocab,rebuild,
ds1,0,baseline-SIFR,287999,vocab,change,True
ds1,0,baseline-SIFR,311999,vocab,change,True
ds1,0,baseline-SIFR,383999,vocab,change,True
ds1,0,baseline-SIFR,503999,vocab,change,True
ds1,0,baseline-SIFR,1127999,vocab,change,True
ds1,0,baseline-SIFR,1199999,vocab,change,True
ds1,0,baseline-SIFR,1343999,vocab,change,True
ds1,0,enhanced-adwin_only,390407,adwin,change,True
ds1,0,enhanced-adwin_only,390407,adwin,rebuild,
ds1,0,enhanced-adwin_only,429991,adwin,change,True
ds1,0,enhanced-adwin_only,429991,adwin,rebuild,
ds1,0,enhanced-adwin_only,510983,adwin,change,True
ds1,0,enhanced-adwin_only,510983,adwin,rebuild,
ds1,0,enhanced-adwin_only,621799,adwin,change,True
ds1,0,enhanced-adwin_only,621799,adwin,rebuild,
ds1,0,enhanced-adwin_only,667367,adwin,change,True
ds1,0,enhanced-adwin_only,667367,adwin,rebuild,
ds1,0,enhanced-adwin_only,822823,adwin,change,True
ds1,0,enhanced-adwin_only,822823,adwin,rebuild,
ds1,0,enhanced-adwin_only,823079,adwin,change,False
ds1,0,enhanced-adwin_only,1160455,adwin,change,True
ds1,0,enhanced-adwin_only,1160455,adwin,rebuild,
ds1,0,enhanced-adwin_only,1315175,adwin,change,True
ds1,0,enhanced-adwin_only,1315175,adwin,rebuild,
ds1,0,enhanced-adwin_only,1325095,adwin,change,True
ds1,0,enhanced-adwin_only,1325095,adwin,rebuild,
ds1,0,enhanced-or,287999,vocab,change,True
ds1,0,enhanced-or,287999,vocab,rebuild,
ds1,0,enhanced-or,311999,vocab,change,True
ds1,0,enhanced-or,311999,vocab,rebuild,
ds1,0,enhanced-or,318567,adwin,change,True
ds1,0,enhanced-or,318567,adwin,rebuild,
ds1,0,enhanced-or,365735,adwin,change,True
ds1,0,enhanced-or,365735,adwin,rebuild,
ds1,0,enhanced-or,366887,adwin,change,False
ds1,0,enhanced-or,383999,vocab,change,True
ds1,0,enhanced-or,383999,vocab,rebuild,
ds1,0,enhanced-or,414375,adwin,change,True
ds1,0,enhanced-or,414375,adwin,rebuild,
ds1,0,enhanced-or,503999,vocab,change,True
ds1,0,enhanced-or,503999,vocab,rebuild,
ds1,0,enhanced-or,510119,adwin,change,True
ds1,0,enhanced-or,510119,adwin,rebuild,
ds1,0,enhanced-or,618663,adwin,change,True
ds1,0,enhanced-or,618663,adwin,rebuild,
ds1,0,enhanced-or,620999,adwin,change,True
ds1,0,enhanced-or,620999,adwin,rebuild,
ds1,0,enhanced-or,667495,adwin,change,True
ds1,0,enhanced-or,667495,adwin,rebuild,
ds1,0,enhanced-or,821927,adwin,change,True
ds1,0,enhanced-or,821927,adwin,rebuild,
ds1,0,enhanced-or,1127999,vocab,change,True
ds1,0,enhanced-or,1127999,vocab,rebuild,
ds1,0,enhanced-or,1134791,adwin,change,True
ds1,0,enhanced-or,1134791,adwin,rebuild,
ds1,0,enhanced-or,1199999,vocab,change,True
ds1,0,enhanced-or,1199999,vocab,rebuild,
ds1,0,enhanced-or,1214023,adwin,change,True
ds1,0,enhanced-or,1214023,adwin,rebuild,
ds1,0,enhanced-or,1325479,adwin,change,True
ds1,0,enhanced-or,1325479,adwin,rebuild,
ds1,0,enhanced-or,1343999,vocab,change,True
ds1,0,enhanced-or,1343999,vocab,rebuild,
ds1,0,enhanced-or,1344199,adwin,change,True
ds1,0,enhanced-or,1344199,adwin,rebuild,
ds1,0,enhanced-and,287999,vocab,change,False
ds1,0,enhanced-and,311999,vocab,change,False
ds1,0,enhanced-and,383999,vocab,change,False
ds1,0,enhanced-and,390407,adwin,change,True
ds1,0,enhanced-and,390407,adwin,rebuild,
ds1,0,enhanced-and,407999,vocab,rebuild,
ds1,0,enhanced-and,414375,adwin,change,True
ds1,0,enhanced-and,414375,adwin,rebuild,
ds1,0,enhanced-and,431999,vocab,rebuild,
ds1,0,enhanced-and,452039,adwin,change,True
ds1,0,enhanced-and,452039,adwin,rebuild,
ds1,0,enhanced-and,503999,vocab,change,False
ds1,0,enhanced-and,507463,adwin,change,True
ds1,0,enhanced-and,507463,adwin,rebuild,
ds1,0,enhanced-and,621447,adwin,change,True
ds1,0,enhanced-and,621447,adwin,rebuild,
ds1,0,enhanced-and,623999,vocab,rebuild,
ds1,0,enhanced-and,624135,adwin,change,True
ds1,0,enhanced-and,624135,adwin,rebuild,
ds1,0,enhanced-and,647999,vocab,rebuild,
ds1,0,enhanced-and,667495,adwin,change,True
ds1,0,enhanced-and,667495,adwin,rebuild,
ds1,0,enhanced-and,671999,vocab,rebuild,
ds1,0,enhanced-and,821927,adwin,change,True
ds1,0,enhanced-and,821927,adwin,rebuild,
ds1,0,enhanced-and,839999,vocab,rebuild,
ds1,0,enhanced-and,994695,adwin,change,True
ds1,0,enhanced-and,994695,adwin,rebuild,
ds1,0,enhanced-and,1007999,vocab,rebuild,
ds1,0,enhanced-and,1126855,adwin,change,True
ds1,0,enhanced-and,1126855,adwin,rebuild,
ds1,0,enhanced-and,1127999,vocab,change,True
ds1,0,enhanced-and,1127999,vocab,rebuild,
ds1,0,enhanced-and,1199999,vocab,change,False
ds1,0,enhanced-and,1325127,adwin,change,True
ds1,0,enhanced-and,1325127,adwin,rebuild,
ds1,0,enhanced-and,1343999,vocab,change,True
ds1,0,enhanced-and,1343999,vocab,rebuild,
ds1,0,enhanced-and,1344039,adwin,change,True
ds1,0,enhanced-and,1344039,adwin,rebuild,
ds2,0,baseline-Rebuild,175999,vocab,change,True
ds2,0,baseline-Rebuild,175999,vocab,rebuild,
ds2,0,baseline-Rebuild,307999,vocab,change,True
ds2,0,baseline-Rebuild,307999,vocab,rebuild,
ds2,0,baseline-Rebuild,439999,vocab,change,True
ds2,0,baseline-Rebuild,439999,vocab,rebuild,
ds2,0,baseline-Rebuild,461999,vocab,change,True
ds2,0,baseline-Rebuild,461999,vocab,rebuild,
ds2,0,baseline-Rebuild,549999,vocab,change,True
ds2,0,baseline-Rebuild,549999,vocab,rebuild,
ds2,0,baseline-Rebuild,615999,vocab,change,True
ds2,0,baseline-Rebuild,615999,vocab,rebuild,
ds2,0,baseline-Rebuild,681999,vocab,change,True
ds2,0,baseline-Rebuild,681999,vocab,rebuild,
ds2,0,baseline-Rebuild,791999,vocab,change,True
ds2,0,baseline-Rebuild,791999,vocab,rebuild,
ds2,0,baseline-SIFR,175999,vocab,change,True
ds2,0,baseline-SIFR,307999,vocab,change,True
ds2,0,baseline-SIFR,439999,vocab,change,True
ds2,0,baseline-SIFR,461999,vocab,change,True
ds2,0,baseline-SIFR,549999,vocab,change,True
ds2,0,baseline-SIFR,615999,vocab,change,True
ds2,0,baseline-SIFR,681999,vocab,change,True
ds2,0,baseline-SIFR,791999,vocab,change,True
ds2,0,enhanced-adwin_only,13351,adwin,change,True
ds2,0,enhanced-adwin_only,13351,adwin,rebuild,
ds2,0,enhanced-adwin_only,173767,adwin,change,True
ds2,0,enhanced-adwin_only,173767,adwin,rebuild,
ds2,0,enhanced-adwin_only,206055,adwin,change,True
ds2,0,enhanced-adwin_only,206055,adwin,rebuild,
ds2,0,enhanced-adwin_only,210951,adwin,change,True
ds2,0,enhanced-adwin_only,210951,adwin,rebuild,
ds2,0,enhanced-adwin_only,211143,adwin,change,False
ds2,0,enhanced-adwin_only,235047,adwin,change,True
ds2,0,enhanced-adwin_only,235047,adwin,rebuild,
ds2,0,enhanced-adwin_only,250855,adwin,change,True
ds2,0,enhanced-adwin_only,250855,adwin,rebuild,
ds2,0,enhanced-adwin_only,251527,adwin,change,False
ds2,0,enhanced-adwin_only,261767,adwin,change,True
ds2,0,enhanced-adwin_only,261767,adwin,rebuild,
ds2,0,enhanced-adwin_only,277543,adwin,change,True
ds2,0,enhanced-adwin_only,277543,adwin,rebuild,
ds2,0,enhanced-adwin_only,277735,adwin,change,False
ds2,0,enhanced-adwin_only,279399,adwin,change,False
ds2,0,enhanced-adwin_only,280423,adwin,change,True
ds2,0,enhanced-adwin_only,280423,adwin,rebuild,
ds2,0,enhanced-adwin_only,283015,adwin,change,True
ds2,0,enhanced-adwin_only,283015,adwin,rebuild,
ds2,0,enhanced-adwin_only,284423,adwin,change,False
ds2,0,enhanced-adwin_only,284711,adwin,change,False
ds2,0,enhanced-adwin_only,284871,adwin,change,False
ds2,0,enhanced-adwin_only,284967,adwin,change,False
ds2,0,enhanced-adwin_only,285287,adwin,change,True
ds2,0,enhanced-adwin_only,285287,adwin,rebuild,
ds2,0,enhanced-adwin_only,285607,adwin,change,False
ds2,0,enhanced-adwin_only,285831,adwin,change,False
ds2,0,enhanced-adwin_only,286503,adwin,change,False
ds2,0,enhanced-adwin_only,288391,adwin,change,True
ds2,0,enhanced-adwin_only,288391,adwin,rebuild,
ds2,0,enhanced-adwin_only,288903,adwin,change,False
ds2,0,enhanced-adwin_only,295271,adwin,change,True
ds2,0,enhanced-adwin_only,295271,adwin,rebuild,
ds2,0,enhanced-adwin_only,298055,adwin,change,True
ds2,0,enhanced-adwin_only,298055,adwin,rebuild,
ds2,0,enhanced-adwin_only,299751,adwin,change,False
ds2,0,enhanced-adwin_only,304135,adwin,change,True
ds2,0,enhanced-adwin_only,304135,adwin,rebuild,
ds2,0,enhanced-adwin_only,305319,adwin,change,False
ds2,0,enhanced-adwin_only,306279,adwin,change,True
ds2,0,enhanced-adwin_only,306279,adwin,rebuild,
ds2,0,enhanced-adwin_only,308039,adwin,change,False
ds2,0,enhanced-adwin_only,309607,adwin,change,True
ds2,0,enhanced-adwin_only,309607,adwin,rebuild,
ds2,0,enhanced-adwin_only,309799,adwin,change,False
ds2,0,enhanced-adwin_only,310503,adwin,change,False
ds2,0,enhanced-adwin_only,325895,adwin,change,True
ds2,0,enhanced-adwin_only,325895,adwin,rebuild,
ds2,0,enhanced-adwin_only,326791,adwin,change,False
ds2,0,enhanced-adwin_only,334087,adwin,change,True
ds2,0,enhanced-adwin_only,334087,adwin,rebuild,
ds2,0,enhanced-adwin_only,399943,adwin,change,True
ds2,0,enhanced-adwin_only,399943,adwin,rebuild,
ds2,0,enhanced-adwin_only,406023,adwin,change,True
ds2,0,enhanced-adwin_only,406023,adwin,rebuild,
ds2,0,enhanced-adwin_only,430951,adwin,change,True
ds2,0,enhanced-adwin_only,430951,adwin,rebuild,
ds2,0,enhanced-adwin_only,438407,adwin,change,True
ds2,0,enhanced-adwin_only,438407,adwin,rebuild,
ds2,0,enhanced-adwin_only,459495,adwin,change,True
ds2,0,enhanced-adwin_only,459495,adwin,rebuild,
ds2,0,enhanced-adwin_only,459655,adwin,change,False
ds2,0,enhanced-adwin_only,460007,adwin,change,False
ds2,0,enhanced-adwin_only,460583,adwin,change,False
ds2,0,enhanced-adwin_only,461415,adwin,change,False
ds2,0,enhanced-adwin_only,462983,adwin,change,True
ds2,0,enhanced-adwin_only,462983,adwin,rebuild,
ds2,0,enhanced-adwin_only,463303,adwin,change,False
ds2,0,enhanced-adwin_only,466439,adwin,change,True
ds2,0,enhanced-adwin_only,466439,adwin,rebuild,
ds2,0,enhanced-adwin_only,473063,adwin,change,True
ds2,0,enhanced-adwin_only,473063,adwin,rebuild,
ds2,0,enhanced-adwin_only,476775,adwin,change,True
ds2,0,enhanced-adwin_only,476775,adwin,rebuild,
ds2,0,enhanced-adwin_only,477159,adwin,change,False
ds2,0,enhanced-adwin_only,478567,adwin,change,False
ds2,0,enhanced-adwin_only,479975,adwin,change,True
ds2,0,enhanced-adwin_only,479975,adwin,rebuild,
ds2,0,enhanced-adwin_only,481127,adwin,change,False
ds2,0,enhanced-adwin_only,491751,adwin,change,True
ds2,0,enhanced-adwin_only,491751,adwin,rebuild,
ds2,0,enhanced-adwin_only,502887,adwin,change,True
ds2,0,enhanced-adwin_only,502887,adwin,rebuild,
ds2,0,enhanced-adwin_only,503207,adwin,change,False
ds2,0,enhanced-adwin_only,503975,adwin,change,False
ds2,0,enhanced-adwin_only,504135,adwin,change,False
ds2,0,enhanced-adwin_only,504455,adwin,change,False
ds2,0,enhanced-adwin_only,504679,adwin,change,False
ds2,0,enhanced-adwin_only,505223,adwin,change,True
ds2,0,enhanced-adwin_only,505223,adwin,rebuild,
ds2,0,enhanced-adwin_only,505383,adwin,change,False
ds2,0,enhanced-adwin_only,506087,adwin,change,False
ds2,0,enhanced-adwin_only,506503,adwin,change,False
ds2,0,enhanced-adwin_only,507143,adwin,change,False
ds2,0,enhanced-adwin_only,507623,adwin,change,True
ds2,0,enhanced-adwin_only,507623,adwin,rebuild,
ds2,0,enhanced-adwin_only,507911,adwin,change,False
ds2,0,enhanced-adwin_only,508007,adwin,change,False
ds2,0,enhanced-adwin_only,508103,adwin,change,False
ds2,0,enhanced-adwin_only,508455,adwin,change,False
ds2,0,enhanced-adwin_only,508967,adwin,change,False
ds2,0,enhanced-adwin_only,509191,adwin,change,False
ds2,0,enhanced-adwin_only,509543,adwin,change,False
ds2,0,enhanced-adwin_only,509991,adwin,change,True
ds2,0,enhanced-adwin_only,509991,adwin,rebuild,
ds2,0,enhanced-adwin_only,510471,adwin,change,False
ds2,0,enhanced-adwin_only,510631,adwin,change,False
ds2,0,enhanced-adwin_only,510983,adwin,change,False
ds2,0,enhanced-adwin_only,511207,adwin,change,False
ds2,0,enhanced-adwin_only,511399,adwin,change,False
ds2,0,enhanced-adwin_only,511591,adwin,change,False
ds2,0,enhanced-adwin_only,511847,adwin,change,False
ds2,0,enhanced-adwin_only,513159,adwin,change,True
ds2,0,enhanced-adwin_only,513159,adwin,rebuild,
ds2,0,enhanced-adwin_only,513511,adwin,change,False
ds2,0,enhanced-adwin_only,514983,adwin,change,False
ds2,0,enhanced-adwin_only,516039,adwin,change,True
ds2,0,enhanced-adwin_only,516039,adwin,rebuild,
ds2,0,enhanced-adwin_only,516231,adwin,change,False
ds2,0,enhanced-adwin_only,516551,adwin,change,False
ds2,0,enhanced-adwin_only,516871,adwin,change,False
ds2,0,enhanced-adwin_only,518023,adwin,change,False
ds2,0,enhanced-adwin_only,518567,adwin,change,True
ds2,0,enhanced-adwin_only,518567,adwin,rebuild,
ds2,0,enhanced-adwin_only,520903,adwin,change,True
ds2,0,enhanced-adwin_only,520903,adwin,rebuild,
ds2,0,enhanced-adwin_only,536999,adwin,change,True
ds2,0,enhanced-adwin_only,536999,adwin,rebuild,
ds2,0,enhanced-adwin_only,781479,adwin,change,True
ds2,0,enhanced-adwin_only,781479,adwin,rebuild,
ds2,0,enhanced-or,13351,adwin,change,True
ds2,0,enhanced-or,13351,adwin,rebuild,
ds2,0,enhanced-or,173767,adwin,change,True
ds2,0,enhanced-or,173767,adwin,rebuild,
ds2,0,enhanced-or,175999,vocab,change,True
ds2,0,enhanced-or,175999,vocab,rebuild,
ds2,0,enhanced-or,292839,adwin,change,True
ds2,0,enhanced-or,292839,adwin,rebuild,
ds2,0,enhanced-or,307999,vocab,change,True
ds2,0,enhanced-or,307999,vocab,rebuild,
ds2,0,enhanced-or,308455,adwin,change,True
ds2,0,enhanced-or,308455,adwin,rebuild,
ds2,0,enhanced-or,310535,adwin,change,True
ds2,0,enhanced-or,310535,adwin,rebuild,
ds2,0,enhanced-or,325895,adwin,change,True
ds2,0,enhanced-or,325895,adwin,rebuild,
ds2,0,enhanced-or,326791,adwin,change,False
ds2,0,enhanced-or,334087,adwin,change,True
ds2,0,enhanced-or,334087,adwin,rebuild,
ds2,0,enhanced-or,399943,adwin,change,True
ds2,0,enhanced-or,399943,adwin,rebuild,
ds2,0,enhanced-or,406023,adwin,change,True
ds2,0,enhanced-or,406023,adwin,rebuild,
ds2,0,enhanced-or,430951,adwin,change,True
ds2,0,enhanced-or,430951,adwin,rebuild,
ds2,0,enhanced-or,438407,adwin,change,True
ds2,0,enhanced-or,438407,adwin,rebuild,
ds2,0,enhanced-or,439999,vocab,change,True
ds2,0,enhanced-or,439999,vocab,rebuild,
ds2,0,enhanced-or,443655,adwin,change,True
ds2,0,enhanced-or,443655,adwin,rebuild,
ds2,0,enhanced-or,459495,adwin,change,True
ds2,0,enhanced-or,459495,adwin,rebuild,
ds2,0,enhanced-or,459655,adwin,change,False
ds2,0,enhanced-or,460007,adwin,change,False
ds2,0,enhanced-or,460583,adwin,change,False
ds2,0,enhanced-or,461415,adwin,change,False
ds2,0,enhanced-or,461999,vocab,change,True
ds2,0,enhanced-or,461999,vocab,rebuild,
ds2,0,enhanced-or,462983,adwin,change,True
ds2,0,enhanced-or,462983,adwin,rebuild,
ds2,0,enhanced-or,463303,adwin,change,False
ds2,0,enhanced-or,466439,adwin,change,True
ds2,0,enhanced-or,466439,adwin,rebuild,
ds2,0,enhanced-or,473063,adwin,change,True
ds2,0,enhanced-or,473063,adwin,rebuild,
ds2,0,enhanced-or,476775,adwin,change,True
ds2,0,enhanced-or,476775,adwin,rebuild,
ds2,0,enhanced-or,477159,adwin,change,False
ds2,0,enhanced-or,478567,adwin,change,False
ds2,0,enhanced-or,479975,adwin,change,True
ds2,0,enhanced-or,479975,adwin,rebuild,
ds2,0,enhanced-or,481127,adwin,change,False
ds2,0,enhanced-or,491751,adwin,change,True
ds2,0,enhanced-or,491751,adwin,rebuild,
ds2,0,enhanced-or,502887,adwin,change,True
ds2,0,enhanced-or,502887,adwin,rebuild,
ds2,0,enhanced-or,503207,adwin,change,False
ds2,0,enhanced-or,503975,adwin,change,False
ds2,0,enhanced-or,504135,adwin,change,False
ds2,0,enhanced-or,504455,adwin,change,False
ds2,0,enhanced-or,504679,adwin,change,False
ds2,0,enhanced-or,505223,adwin,change,True
ds2,0,enhanced-or,505223,adwin,rebuild,
ds2,0,enhanced-or,505383,adwin,change,False
ds2,0,enhanced-or,506087,adwin,change,False
ds2,0,enhanced-or,506503,adwin,change,False
ds2,0,enhanced-or,507143,adwin,change,False
ds2,0,enhanced-or,507623,adwin,change,True
ds2,0,enhanced-or,507623,adwin,rebuild,
ds2,0,enhanced-or,507911,adwin,change,False
ds2,0,enhanced-or,508007,adwin,change,False
ds2,0,enhanced-or,508103,adwin,change,False
ds2,0,enhanced-or,508455,adwin,change,False
ds2,0,enhanced-or,508967,adwin,change,False
ds2,0,enhanced-or,509191,adwin,change,False
ds2,0,enhanced-or,509543,adwin,change,False
ds2,0,enhanced-or,509991,adwin,change,True
ds2,0,enhanced-or,509991,adwin,rebuild,
ds2,0,enhanced-or,510471,adwin,change,False
ds2,0,enhanced-or,510631,adwin,change,False
ds2,0,enhanced-or,510983,adwin,change,False
ds2,0,enhanced-or,511207,adwin,change,False
ds2,0,enhanced-or,511399,adwin,change,False
ds2,0,enhanced-or,511591,adwin,change,False
ds2,0,enhanced-or,511847,adwin,change,False
ds2,0,enhanced-or,513159,adwin,change,True
ds2,0,enhanced-or,513159,adwin,rebuild,
ds2,0,enhanced-or,513511,adwin,change,False
ds2,0,enhanced-or,514983,adwin,change,False
ds2,0,enhanced-or,516039,adwin,change,True
ds2,0,enhanced-or,516039,adwin,rebuild,
ds2,0,enhanced-or,516231,adwin,change,False
ds2,0,enhanced-or,516551,adwin,change,False
ds2,0,enhanced-or,516871,adwin,change,False
ds2,0,enhanced-or,518023,adwin,change,False
ds2,0,enhanced-or,518567,adwin,change,True
ds2,0,enhanced-or,518567,adwin,rebuild,
ds2,0,enhanced-or,520903,adwin,change,True
ds2,0,enhanced-or,520903,adwin,rebuild,
ds2,0,enhanced-or,536999,adwin,change,True
ds2,0,enhanced-or,536999,adwin,rebuild,
ds2,0,enhanced-or,549999,vocab,change,True
ds2,0,enhanced-or,549999,vocab,rebuild,
ds2,0,enhanced-or,550183,adwin,change,True
ds2,0,enhanced-or,550183,adwin,rebuild,
ds2,0,enhanced-or,615999,vocab,change,True
ds2,0,enhanced-or,615999,vocab,rebuild,
ds2,0,enhanced-or,681999,vocab,change,True
ds2,0,enhanced-or,681999,vocab,rebuild,
ds2,0,enhanced-or,716263,adwin,change,True
ds2,0,enhanced-or,716263,adwin,rebuild,
ds2,0,enhanced-or,732039,adwin,change,True
ds2,0,enhanced-or,732039,adwin,rebuild,
ds2,0,enhanced-or,733191,adwin,change,False
ds2,0,enhanced-or,734727,adwin,change,True
ds2,0,enhanced-or,734727,adwin,rebuild,
ds2,0,enhanced-or,735815,adwin,change,False
ds2,0,enhanced-or,736295,adwin,change,False
ds2,0,enhanced-or,736679,adwin,change,False
ds2,0,enhanced-or,736935,adwin,change,True
ds2,0,enhanced-or,736935,adwin,rebuild,
ds2,0,enhanced-or,737447,adwin,change,False
ds2,0,enhanced-or,737735,adwin,change,False
ds2,0,enhanced-or,739591,adwin,change,True
ds2,0,enhanced-or,739591,adwin,rebuild,
ds2,0,enhanced-or,740135,adwin,change,False
ds2,0,enhanced-or,740327,adwin,change,False
ds2,0,enhanced-or,740487,adwin,change,False
ds2,0,enhanced-or,742919,adwin,change,True
ds2,0,enhanced-or,742919,adwin,rebuild,
ds2,0,enhanced-or,744007,adwin,change,False
ds2,0,enhanced-or,745159,adwin,change,True
ds2,0,enhanced-or,745159,adwin,rebuild,
ds2,0,enhanced-or,746247,adwin,change,False
ds2,0,enhanced-or,746823,adwin,change,False
ds2,0,enhanced-or,747015,adwin,change,False
ds2,0,enhanced-or,749671,adwin,change,True
ds2,0,enhanced-or,749671,adwin,rebuild,
ds2,0,enhanced-or,750151,adwin,change,False
ds2,0,enhanced-or,750951,adwin,change,False
ds2,0,enhanced-or,779431,adwin,change,True
ds2,0,enhanced-or,779431,adwin,rebuild,
ds2,0,enhanced-or,791999,vocab,change,True
ds2,0,enhanced-or,791999,vocab,rebuild,
ds2,0,enhanced-and,13351,adwin,change,False
ds2,0,enhanced-and,173767,adwin,change,True
ds2,0,enhanced-and,173767,adwin,rebuild,
ds2,0,enhanced-and,175999,vocab,change,True
ds2,0,enhanced-and,175999,vocab,rebuild,
ds2,0,enhanced-and,292455,adwin,change,True
ds2,0,enhanced-and,292455,adwin,rebuild,
ds2,0,enhanced-and,307999,vocab,change,True
ds2,0,enhanced-and,307999,vocab,rebuild,
ds2,0,enhanced-and,308423,adwin,change,True
ds2,0,enhanced-and,308423,adwin,rebuild,
ds2,0,enhanced-and,309799,adwin,change,False
ds2,0,enhanced-and,325895,adwin,change,True
ds2,0,enhanced-and,325895,adwin,rebuild,
ds2,0,enhanced-and,346887,adwin,change,False
ds2,0,enhanced-and,398343,adwin,change,False
ds2,0,enhanced-and,417999,vocab,rebuild,
ds2,0,enhanced-and,430951,adwin,change,True
ds2,0,enhanced-and,430951,adwin,rebuild,
ds2,0,enhanced-and,438407,adwin,change,True
ds2,0,enhanced-and,438407,adwin,rebuild,
ds2,0,enhanced-and,439999,vocab,change,True
ds2,0,enhanced-and,439999,vocab,rebuild,
ds2,0,enhanced-and,443655,adwin,change,True
ds2,0,enhanced-and,443655,adwin,rebuild,
ds2,0,enhanced-and,459495,adwin,change,True
ds2,0,enhanced-and,459495,adwin,rebuild,
ds2,0,enhanced-and,459655,adwin,change,False
ds2,0,enhanced-and,460007,adwin,change,False
ds2,0,enhanced-and,460583,adwin,change,False
ds2,0,enhanced-and,461415,adwin,change,False
ds2,0,enhanced-and,461999,vocab,change,True
ds2,0,enhanced-and,461999,vocab,rebuild,
ds2,0,enhanced-and,462983,adwin,change,True
ds2,0,enhanced-and,462983,adwin,rebuild,
ds2,0,enhanced-and,463303,adwin,change,False
ds2,0,enhanced-and,466439,adwin,change,True
ds2,0,enhanced-and,466439,adwin,rebuild,
ds2,0,enhanced-and,473063,adwin,change,True
ds2,0,enhanced-and,473063,adwin,rebuild,
ds2,0,enhanced-and,476775,adwin,change,True
ds2,0,enhanced-and,476775,adwin,rebuild,
ds2,0,enhanced-and,477159,adwin,change,False
ds2,0,enhanced-and,478567,adwin,change,False
ds2,0,enhanced-and,479975,adwin,change,True
ds2,0,enhanced-and,479975,adwin,rebuild,
ds2,0,enhanced-and,481127,adwin,change,False
ds2,0,enhanced-and,491751,adwin,change,False
ds2,0,enhanced-and,502887,adwin,change,False
ds2,0,enhanced-and,503207,adwin,change,False
ds2,0,enhanced-and,503975,adwin,change,False
ds2,0,enhanced-and,504135,adwin,change,False
ds2,0,enhanced-and,504455,adwin,change,False
ds2,0,enhanced-and,505543,adwin,change,False
ds2,0,enhanced-and,505895,adwin,change,False
ds2,0,enhanced-and,505999,vocab,rebuild,
ds2,0,enhanced-and,506087,adwin,change,True
ds2,0,enhanced-and,506087,adwin,rebuild,
ds2,0,enhanced-and,506503,adwin,change,False
ds2,0,enhanced-and,507143,adwin,change,False
ds2,0,enhanced-and,507623,adwin,change,False
ds2,0,enhanced-and,508007,adwin,change,False
ds2,0,enhanced-and,508103,adwin,change,True
ds2,0,enhanced-and,508103,adwin,rebuild,
ds2,0,enhanced-and,508551,adwin,change,False
ds2,0,enhanced-and,508967,adwin,change,False
ds2,0,enhanced-and,509191,adwin,change,False
ds2,0,enhanced-and,509575,adwin,change,False
ds2,0,enhanced-and,510471,adwin,change,True
ds2,0,enhanced-and,510471,adwin,rebuild,
ds2,0,enhanced-and,510631,adwin,change,False
ds2,0,enhanced-and,510983,adwin,change,False
ds2,0,enhanced-and,511207,adwin,change,False
ds2,0,enhanced-and,511399,adwin,change,False
ds2,0,enhanced-and,511591,adwin,change,False
ds2,0,enhanced-and,511847,adwin,change,False
ds2,0,enhanced-and,513159,adwin,change,True
ds2,0,enhanced-and,513159,adwin,rebuild,
ds2,0,enhanced-and,513511,adwin,change,False
ds2,0,enhanced-and,514983,adwin,change,False
ds2,0,enhanced-and,516039,adwin,change,True
ds2,0,enhanced-and,516039,adwin,rebuild,
ds2,0,enhanced-and,516231,adwin,change,False
ds2,0,enhanced-and,516551,adwin,change,False
ds2,0,enhanced-and,516871,adwin,change,False
ds2,0,enhanced-and,518023,adwin,change,False
ds2,0,enhanced-and,518567,adwin,change,True
ds2,0,enhanced-and,518567,adwin,rebuild,
ds2,0,enhanced-and,520903,adwin,change,True
ds2,0,enhanced-and,520903,adwin,rebuild,
ds2,0,enhanced-and,527999,vocab,rebuild,
ds2,0,enhanced-and,536999,adwin,change,True
ds2,0,enhanced-and,536999,adwin,rebuild,
ds2,0,enhanced-and,549999,vocab,change,True
ds2,0,enhanced-and,549999,vocab,rebuild,
ds2,0,enhanced-and,550183,adwin,change,True
ds2,0,enhanced-and,550183,adwin,rebuild,
ds2,0,enhanced-and,615999,vocab,change,False
ds2,0,enhanced-and,681999,vocab,change,False
ds2,0,enhanced-and,779207,adwin,change,True
ds2,0,enhanced-and,779207,adwin,rebuild,
ds2,0,enhanced-and,791999,vocab,change,True
ds2,0,enhanced-and,791999,vocab,rebuild,
s_sudden,0,baseline-Rebuild,43999,vocab,change,True
s_sudden,0,baseline-Rebuild,43999,vocab,rebuild,
s_sudden,0,baseline-SIFR,43999,vocab,change,True
s_sudden,0,enhanced-or,43999,vocab,change,True
s_sudden,0,enhanced-or,43999,vocab,rebuild,
s_sudden,0,enhanced-and,43999,vocab,change,False
s_sudden,1,baseline-Rebuild,19999,vocab,change,True
s_sudden,1,baseline-Rebuild,19999,vocab,rebuild,
s_sudden,1,baseline-Rebuild,43999,vocab,change,True
s_sudden,1,baseline-Rebuild,43999,vocab,rebuild,
s_sudden,1,baseline-Rebuild,63999,vocab,change,True
s_sudden,1,baseline-Rebuild,63999,vocab,rebuild,
s_sudden,1,baseline-SIFR,19999,vocab,change,True
s_sudden,1,baseline-SIFR,43999,vocab,change,True
s_sudden,1,baseline-SIFR,63999,vocab,change,True
s_sudden,1,enhanced-or,19999,vocab,change,True
s_sudden,1,enhanced-or,19999,vocab,rebuild,
s_sudden,1,enhanced-or,43999,vocab,change,True
s_sudden,1,enhanced-or,43999,vocab,rebuild,
s_sudden,1,enhanced-or,63999,vocab,change,True
s_sudden,1,enhanced-or,63999,vocab,rebuild,
s_sudden,1,enhanced-and,19999,vocab,change,False
s_sudden,1,enhanced-and,43999,vocab,change,False
s_sudden,1,enhanced-and,63999,vocab,change,False
s_sudden,2,baseline-Rebuild,31999,vocab,change,True
s_sudden,2,baseline-Rebuild,31999,vocab,rebuild,
s_sudden,2,baseline-Rebuild,35999,vocab,change,True
s_sudden,2,baseline-Rebuild,35999,vocab,rebuild,
s_sudden,2,baseline-Rebuild,43999,vocab,change,True
s_sudden,2,baseline-Rebuild,43999,vocab,rebuild,
s_sudden,2,baseline-Rebuild,67999,vocab,change,True
s_sudden,2,baseline-Rebuild,67999,vocab,rebuild,
s_sudden,2,baseline-SIFR,31999,vocab,change,True
s_sudden,2,baseline-SIFR,35999,vocab,change,True
s_sudden,2,baseline-SIFR,43999,vocab,change,True
s_sudden,2,baseline-SIFR,67999,vocab,change,True
s_sudden,2,enhanced-or,31999,vocab,change,True
s_sudden,2,enhanced-or,31999,vocab,rebuild,
s_sudden,2,enhanced-or,35999,vocab,change,True
s_sudden,2,enhanced-or,35999,vocab,rebuild,
s_sudden,2,enhanced-or,43999,vocab,change,True
s_sudden,2,enhanced-or,43999,vocab,rebuild,
s_sudden,2,enhanced-or,67999,vocab,change,True
s_sudden,2,enhanced-or,67999,vocab,rebuild,
s_sudden,2,enhanced-and,31999,vocab,change,False
s_sudden,2,enhanced-and,35999,vocab,change,False
s_sudden,2,enhanced-and,43999,vocab,change,False
s_sudden,2,enhanced-and,67999,vocab,change,False
s_sudden,3,baseline-Rebuild,27999,vocab,change,True
s_sudden,3,baseline-Rebuild,27999,vocab,rebuild,
s_sudden,3,baseline-Rebuild,43999,vocab,change,True
s_sudden,3,baseline-Rebuild,43999,vocab,rebuild,
s_sudden,3,baseline-SIFR,27999,vocab,change,True
s_sudden,3,baseline-SIFR,43999,vocab,change,True
s_sudden,3,enhanced-or,27999,vocab,change,True
s_sudden,3,enhanced-or,27999,vocab,rebuild,
s_sudden,3,enhanced-or,43999,vocab,change,True
s_sudden,3,enhanced-or,43999,vocab,rebuild,
s_sudden,3,enhanced-and,27999,vocab,change,False
s_sudden,3,enhanced-and,43999,vocab,change,False
s_sudden,4,baseline-Rebuild,19999,vocab,change,True
s_sudden,4,baseline-Rebuild,19999,vocab,rebuild,
s_sudden,4,baseline-Rebuild,35999,vocab,change,True
s_sudden,4,baseline-Rebuild,35999,vocab,rebuild,
s_sudden,4,baseline-Rebuild,43999,vocab,change,True
s_sudden,4,baseline-Rebuild,43999,vocab,rebuild,
s_sudden,4,baseline-SIFR,19999,vocab,change,True
s_sudden,4,baseline-SIFR,35999,vocab,change,True
s_sudden,4,baseline-SIFR,43999,vocab,change,True
s_sudden,4,enhanced-or,19999,vocab,change,True
s_sudden,4,enhanced-or,19999,vocab,rebuild,
s_sudden,4,enhanced-or,35999,vocab,change,True
s_sudden,4,enhanced-or,35999,vocab,rebuild,
s_sudden,4,enhanced-or,43999,vocab,change,True
s_sudden,4,enhanced-or,43999,vocab,rebuild,
s_sudden,4,enhanced-and,19999,vocab,change,False
s_sudden,4,enhanced-and,35999,vocab,change,False
s_sudden,4,enhanced-and,43999,vocab,change,False
s_gradual,0,baseline-Rebuild,19999,vocab,change,True
s_gradual,0,baseline-Rebuild,19999,vocab,rebuild,
s_gradual,0,baseline-Rebuild,35999,vocab,change,True
s_gradual,0,baseline-Rebuild,35999,vocab,rebuild,
s_gradual,0,baseline-Rebuild,55999,vocab,change,True
s_gradual,0,baseline-Rebuild,55999,vocab,rebuild,
s_gradual,0,baseline-Rebuild,71999,vocab,change,True
s_gradual,0,baseline-Rebuild,71999,vocab,rebuild,
s_gradual,0,baseline-SIFR,19999,vocab,change,True
s_gradual,0,baseline-SIFR,35999,vocab,change,True
s_gradual,0,baseline-SIFR,55999,vocab,change,True
s_gradual,0,baseline-SIFR,71999,vocab,change,True
s_gradual,0,enhanced-or,19999,vocab,change,True
s_gradual,0,enhanced-or,19999,vocab,rebuild,
s_gradual,0,enhanced-or,35999,vocab,change,True
s_gradual,0,enhanced-or,35999,vocab,rebuild,
s_gradual,0,enhanced-or,55999,vocab,change,True
s_gradual,0,enhanced-or,55999,vocab,rebuild,
s_gradual,0,enhanced-or,71999,vocab,change,True
s_gradual,0,enhanced-or,71999,vocab,rebuild,
s_gradual,0,enhanced-and,19999,vocab,change,False
s_gradual,0,enhanced-and,35999,vocab,change,False
s_gradual,0,enhanced-and,55999,vocab,change,False
s_gradual,0,enhanced-and,71999,vocab,change,False
s_gradual,2,baseline-Rebuild,19999,vocab,change,True
s_gradual,2,baseline-Rebuild,19999,vocab,rebuild,
s_gradual,2,baseline-Rebuild,31999,vocab,change,True
s_gradual,2,baseline-Rebuild,31999,vocab,rebuild,
s_gradual,2,baseline-Rebuild,51999,vocab,change,True
s_gradual,2,baseline-Rebuild,51999,vocab,rebuild,
s_gradual,2,baseline-SIFR,19999,vocab,change,True
s_gradual,2,baseline-SIFR,31999,vocab,change,True
s_gradual,2,baseline-SIFR,51999,vocab,change,True
s_gradual,2,enhanced-or,19999,vocab,change,True
s_gradual,2,enhanced-or,19999,vocab,rebuild,
s_gradual,2,enhanced-or,31999,vocab,change,True
s_gradual,2,enhanced-or,31999,vocab,rebuild,
s_gradual,2,enhanced-or,51999,vocab,change,True
s_gradual,2,enhanced-or,51999,vocab,rebuild,
s_gradual,2,enhanced-and,19999,vocab,change,False
s_gradual,2,enhanced-and,31999,vocab,change,False
s_gradual,2,enhanced-and,51999,vocab,change,False
s_gradual,1,baseline-Rebuild,19999,vocab,change,True
s_gradual,1,baseline-Rebuild,19999,vocab,rebuild,
s_gradual,1,baseline-Rebuild,31999,vocab,change,True
s_gradual,1,baseline-Rebuild,31999,vocab,rebuild,
s_gradual,1,baseline-Rebuild,47999,vocab,change,True
s_gradual,1,baseline-Rebuild,47999,vocab,rebuild,
s_gradual,1,baseline-Rebuild,67999,vocab,change,True
s_gradual,1,baseline-Rebuild,67999,vocab,rebuild,
s_gradual,1,baseline-Rebuild,79999,vocab,change,True
s_gradual,1,baseline-Rebuild,79999,vocab,rebuild,
s_gradual,1,baseline-SIFR,19999,vocab,change,True
s_gradual,1,baseline-SIFR,31999,vocab,change,True
s_gradual,1,baseline-SIFR,47999,vocab,change,True
s_gradual,1,baseline-SIFR,67999,vocab,change,True
s_gradual,1,baseline-SIFR,79999,vocab,change,True
s_gradual,1,enhanced-or,19999,vocab,change,True
s_gradual,1,enhanced-or,19999,vocab,rebuild,
s_gradual,1,enhanced-or,31999,vocab,change,True
s_gradual,1,enhanced-or,31999,vocab,rebuild,
s_gradual,1,enhanced-or,47999,vocab,change,True
s_gradual,1,enhanced-or,47999,vocab,rebuild,
s_gradual,1,enhanced-or,67999,vocab,change,True
s_gradual,1,enhanced-or,67999,vocab,rebuild,
s_gradual,1,enhanced-or,79999,vocab,change,True
s_gradual,1,enhanced-or,79999,vocab,rebuild,
s_gradual,1,enhanced-and,19999,vocab,change,False
s_gradual,1,enhanced-and,31999,vocab,change,False
s_gradual,1,enhanced-and,47999,vocab,change,False
s_gradual,1,enhanced-and,67999,vocab,change,False
s_gradual,1,enhanced-and,79999,vocab,change,False
s_gradual,3,baseline-Rebuild,19999,vocab,change,True
s_gradual,3,baseline-Rebuild,19999,vocab,rebuild,
s_gradual,3,baseline-Rebuild,31999,vocab,change,True
s_gradual,3,baseline-Rebuild,31999,vocab,rebuild,
s_gradual,3,baseline-SIFR,19999,vocab,change,True
s_gradual,3,baseline-SIFR,31999,vocab,change,True
s_gradual,3,enhanced-or,19999,vocab,change,True
s_gradual,3,enhanced-or,19999,vocab,rebuild,
s_gradual,3,enhanced-or,31999,vocab,change,True
s_gradual,3,enhanced-or,31999,vocab,rebuild,
s_gradual,3,enhanced-and,19999,vocab,change,False
s_gradual,3,enhanced-and,31999,vocab,change,False
s_recurring,0,baseline-Rebuild,19999,vocab,change,True
s_recurring,0,baseline-Rebuild,19999,vocab,rebuild,
s_recurring,0,baseline-Rebuild,39999,vocab,change,True
s_recurring,0,baseline-Rebuild,39999,vocab,rebuild,
s_recurring,0,baseline-Rebuild,43999,vocab,change,True
s_recurring,0,baseline-Rebuild,43999,vocab,rebuild,
s_recurring,0,baseline-SIFR,19999,vocab,change,True
s_recurring,0,baseline-SIFR,39999,vocab,change,True
s_recurring,0,baseline-SIFR,43999,vocab,change,True
s_recurring,0,enhanced-or,19999,vocab,change,True
s_recurring,0,enhanced-or,19999,vocab,rebuild,
s_recurring,0,enhanced-or,39999,vocab,change,True
s_recurring,0,enhanced-or,39999,vocab,rebuild,
s_recurring,0,enhanced-or,41191,adwin,change,True
s_recurring,0,enhanced-or,41191,adwin,rebuild,
s_recurring,0,enhanced-or,43999,vocab,change,True
s_recurring,0,enhanced-or,43999,vocab,rebuild,
s_recurring,0,enhanced-and,19999,vocab,change,False
s_recurring,0,enhanced-and,39999,vocab,change,False
s_recurring,0,enhanced-and,43999,vocab,change,False
s_gradual,4,baseline-Rebuild,27999,vocab,change,True
s_gradual,4,baseline-Rebuild,27999,vocab,rebuild,
s_gradual,4,baseline-Rebuild,35999,vocab,change,True
s_gradual,4,baseline-Rebuild,35999,vocab,rebuild,
s_gradual,4,baseline-Rebuild,47999,vocab,change,True
s_gradual,4,baseline-Rebuild,47999,vocab,rebuild,
s_gradual,4,baseline-Rebuild,59999,vocab,change,True
s_gradual,4,baseline-Rebuild,59999,vocab,rebuild,
s_gradual,4,baseline-Rebuild,71999,vocab,change,True
s_gradual,4,baseline-Rebuild,71999,vocab,rebuild,
s_gradual,4,baseline-SIFR,27999,vocab,change,True
s_gradual,4,baseline-SIFR,35999,vocab,change,True
s_gradual,4,baseline-SIFR,47999,vocab,change,True
s_gradual,4,baseline-SIFR,59999,vocab,change,True
s_gradual,4,baseline-SIFR,71999,vocab,change,True
s_gradual,4,enhanced-or,27999,vocab,change,True
s_gradual,4,enhanced-or,27999,vocab,rebuild,
s_gradual,4,enhanced-or,35999,vocab,change,True
s_gradual,4,enhanced-or,35999,vocab,rebuild,
s_gradual,4,enhanced-or,47999,vocab,change,True
s_gradual,4,enhanced-or,47999,vocab,rebuild,
s_gradual,4,enhanced-or,59999,vocab,change,True
s_gradual,4,enhanced-or,59999,vocab,rebuild,
s_gradual,4,enhanced-or,71999,vocab,change,True
s_gradual,4,enhanced-or,71999,vocab,rebuild,
s_gradual,4,enhanced-and,27999,vocab,change,False
s_gradual,4,enhanced-and,35999,vocab,change,False
s_gradual,4,enhanced-and,47999,vocab,change,False
s_gradual,4,enhanced-and,59999,vocab,change,False
s_gradual,4,enhanced-and,71999,vocab,change,False
s_recurring,1,baseline-Rebuild,19999,vocab,change,True
s_recurring,1,baseline-Rebuild,19999,vocab,rebuild,
s_recurring,1,baseline-Rebuild,43999,vocab,change,True
s_recurring,1,baseline-Rebuild,43999,vocab,rebuild,
s_recurring,1,baseline-SIFR,19999,vocab,change,True
s_recurring,1,baseline-SIFR,43999,vocab,change,True
s_recurring,1,enhanced-adwin_only,45383,adwin,change,True
s_recurring,1,enhanced-adwin_only,45383,adwin,rebuild,
s_recurring,1,enhanced-or,19999,vocab,change,True
s_recurring,1,enhanced-or,19999,vocab,rebuild,
s_recurring,1,enhanced-or,40519,adwin,change,True
s_recurring,1,enhanced-or,40519,adwin,rebuild,
s_recurring,1,enhanced-or,43999,vocab,change,True
s_recurring,1,enhanced-or,43999,vocab,rebuild,
s_recurring,1,enhanced-and,19999,vocab,change,False
s_recurring,1,enhanced-and,43999,vocab,change,False
s_recurring,1,enhanced-and,45383,adwin,change,True
s_recurring,1,enhanced-and,45383,adwin,rebuild,
s_recurring,2,baseline-Rebuild,19999,vocab,change,True
s_recurring,2,baseline-Rebuild,19999,vocab,rebuild,
s_recurring,2,baseline-Rebuild,23999,vocab,change,True
s_recurring,2,baseline-Rebuild,23999,vocab,rebuild,
s_recurring,2,baseline-Rebuild,43999,vocab,change,True
s_recurring,2,baseline-Rebuild,43999,vocab,rebuild,
s_recurring,2,baseline-SIFR,19999,vocab,change,True
s_recurring,2,baseline-SIFR,23999,vocab,change,True
s_recurring,2,baseline-SIFR,43999,vocab,change,True
s_recurring,2,enhanced-or,19999,vocab,change,True
s_recurring,2,enhanced-or,19999,vocab,rebuild,
s_recurring,2,enhanced-or,23999,vocab,change,True
s_recurring,2,enhanced-or,23999,vocab,rebuild,
s_recurring,2,enhanced-or,40743,adwin,change,True
s_recurring,2,enhanced-or,40743,adwin,rebuild,
s_recurring,2,enhanced-or,43999,vocab,change,True
s_recurring,2,enhanced-or,43999,vocab,rebuild,
s_recurring,2,enhanced-and,19999,vocab,change,False
s_recurring,2,enhanced-and,23999,vocab,change,False
s_recurring,2,enhanced-and,43999,vocab,change,False
s_recurring,3,baseline-Rebuild,23999,vocab,change,True
s_recurring,3,baseline-Rebuild,23999,vocab,rebuild,
s_recurring,3,baseline-Rebuild,43999,vocab,change,True
s_recurring,3,baseline-Rebuild,43999,vocab,rebuild,
s_recurring,3,baseline-SIFR,23999,vocab,change,True
s_recurring,3,baseline-SIFR,43999,vocab,change,True
s_recurring,3,enhanced-adwin_only,41895,adwin,change,True
s_recurring,3,enhanced-adwin_only,41895,adwin,rebuild,
s_recurring,3,enhanced-or,23999,vocab,change,True
s_recurring,3,enhanced-or,23999,vocab,rebuild,
s_recurring,3,enhanced-or,40807,adwin,change,True
s_recurring,3,enhanced-or,40807,adwin,rebuild,
s_recurring,3,enhanced-or,43999,vocab,change,True
s_recurring,3,enhanced-or,43999,vocab,rebuild,
s_recurring,3,enhanced-and,23999,vocab,change,False
s_recurring,3,enhanced-and,41895,adwin,change,True
s_recurring,3,enhanced-and,41895,adwin,rebuild,
s_recurring,3,enhanced-and,43999,vocab,change,True
s_recurring,3,enhanced-and,43999,vocab,rebuild,
s_recurring,4,baseline-Rebuild,19999,vocab,change,True
s_recurring,4,baseline-Rebuild,19999,vocab,rebuild,
s_recurring,4,baseline-Rebuild,27999,vocab,change,True
s_recurring,4,baseline-Rebuild,27999,vocab,rebuild,
s_recurring,4,baseline-Rebuild,39999,vocab,change,True
s_recurring,4,baseline-Rebuild,39999,vocab,rebuild,
s_recurring,4,baseline-Rebuild,43999,vocab,change,True
s_recurring,4,baseline-Rebuild,43999,vocab,rebuild,
s_recurring,4,baseline-SIFR,19999,vocab,change,True
s_recurring,4,baseline-SIFR,27999,vocab,change,True
s_recurring,4,baseline-SIFR,39999,vocab,change,True
s_recurring,4,baseline-SIFR,43999,vocab,change,True
s_recurring,4,enhanced-adwin_only,42407,adwin,change,True
s_recurring,4,enhanced-adwin_only,42407,adwin,rebuild,
s_recurring,4,enhanced-or,19999,vocab,change,True
s_recurring,4,enhanced-or,19999,vocab,rebuild,
s_recurring,4,enhanced-or,27999,vocab,change,True
s_recurring,4,enhanced-or,27999,vocab,rebuild,
s_recurring,4,enhanced-or,39999,vocab,change,True
s_recurring,4,enhanced-or,39999,vocab,rebuild,
s_recurring,4,enhanced-or,40327,adwin,change,True
s_recurring,4,enhanced-or,40327,adwin,rebuild,
s_recurring,4,enhanced-or,43999,vocab,change,True
s_recurring,4,enhanced-or,43999,vocab,rebuild,
s_recurring,4,enhanced-and,19999,vocab,change,False
s_recurring,4,enhanced-and,27999,vocab,change,False
s_recurring,4,enhanced-and,39999,vocab,change,False
s_recurring,4,enhanced-and,42407,adwin,change,True
s_recurring,4,enhanced-and,42407,adwin,rebuild,
s_recurring,4,enhanced-and,43999,vocab,change,True
s_recurring,4,enhanced-and,43999,vocab,rebuild,
s_label_flip,0,baseline-Rebuild,23999,vocab,change,True
s_label_flip,0,baseline-Rebuild,23999,vocab,rebuild,
s_label_flip,0,baseline-Rebuild,39999,vocab,change,True
s_label_flip,0,baseline-Rebuild,39999,vocab,rebuild,
s_label_flip,0,baseline-Rebuild,43999,vocab,change,True
s_label_flip,0,baseline-Rebuild,43999,vocab,rebuild,
s_label_flip,0,baseline-SIFR,23999,vocab,change,True
s_label_flip,0,baseline-SIFR,39999,vocab,change,True
s_label_flip,0,baseline-SIFR,43999,vocab,change,True
s_label_flip,0,enhanced-adwin_only,40039,adwin,change,True
s_label_flip,0,enhanced-adwin_only,40039,adwin,rebuild,
s_label_flip,0,enhanced-or,23999,vocab,change,True
s_label_flip,0,enhanced-or,23999,vocab,rebuild,
s_label_flip,0,enhanced-or,39999,vocab,change,True
s_label_flip,0,enhanced-or,39999,vocab,rebuild,
s_label_flip,0,enhanced-or,40039,adwin,change,True
s_label_flip,0,enhanced-or,40039,adwin,rebuild,
s_label_flip,0,enhanced-or,43999,vocab,change,True
s_label_flip,0,enhanced-or,43999,vocab,rebuild,
s_label_flip,0,enhanced-and,23999,vocab,change,False
s_label_flip,0,enhanced-and,39999,vocab,change,False
s_label_flip,0,enhanced-and,40039,adwin,change,True
s_label_flip,0,enhanced-and,40039,adwin,rebuild,
s_label_flip,0,enhanced-and,43999,vocab,change,True
s_label_flip,0,enhanced-and,43999,vocab,rebuild,
s_label_flip,1,baseline-Rebuild,19999,vocab,change,True
s_label_flip,1,baseline-Rebuild,19999,vocab,rebuild,
s_label_flip,1,baseline-Rebuild,35999,vocab,change,True
s_label_flip,1,baseline-Rebuild,35999,vocab,rebuild,
s_label_flip,1,baseline-Rebuild,43999,vocab,change,True
s_label_flip,1,baseline-Rebuild,43999,vocab,rebuild,
s_label_flip,1,baseline-Rebuild,47999,vocab,change,True
s_label_flip,1,baseline-Rebuild,47999,vocab,rebuild,
s_label_flip,1,baseline-Rebuild,75999,vocab,change,True
s_label_flip,1,baseline-Rebuild,75999,vocab,rebuild,
s_label_flip,1,baseline-SIFR,19999,vocab,change,True
s_label_flip,1,baseline-SIFR,35999,vocab,change,True
s_label_flip,1,baseline-SIFR,43999,vocab,change,True
s_label_flip,1,baseline-SIFR,47999,vocab,change,True
s_label_flip,1,baseline-SIFR,75999,vocab,change,True
s_label_flip,1,enhanced-adwin_only,40039,adwin,change,True
s_label_flip,1,enhanced-adwin_only,40039,adwin,rebuild,
s_label_flip,1,enhanced-or,19999,vocab,change,True
s_label_flip,1,enhanced-or,19999,vocab,rebuild,
s_label_flip,1,enhanced-or,35999,vocab,change,True
s_label_flip,1,enhanced-or,35999,vocab,rebuild,
s_label_flip,1,enhanced-or,40039,adwin,change,True
s_label_flip,1,enhanced-or,40039,adwin,rebuild,
s_label_flip,1,enhanced-or,43999,vocab,change,True
s_label_flip,1,enhanced-or,43999,vocab,rebuild,
s_label_flip,1,enhanced-or,44071,adwin,change,True
s_label_flip,1,enhanced-or,44071,adwin,rebuild,
s_label_flip,1,enhanced-or,47999,vocab,change,True
s_label_flip,1,enhanced-or,47999,vocab,rebuild,
s_label_flip,1,enhanced-or,75999,vocab,change,True
s_label_flip,1,enhanced-or,75999,vocab,rebuild,
s_label_flip,1,enhanced-and,19999,vocab,change,False
s_label_flip,1,enhanced-and,35999,vocab,change,False
s_label_flip,1,enhanced-and,40039,adwin,change,True
s_label_flip,1,enhanced-and,40039,adwin,rebuild,
s_label_flip,1,enhanced-and,43999,vocab,change,True
s_label_flip,1,enhanced-and,43999,vocab,rebuild,
s_label_flip,1,enhanced-and,44071,adwin,change,True
s_label_flip,1,enhanced-and,44071,adwin,rebuild,
s_label_flip,1,enhanced-and,47999,vocab,change,True
s_label_flip,1,enhanced-and,47999,vocab,rebuild,
s_label_flip,1,enhanced-and,75999,vocab,change,False
s_label_flip,2,baseline-Rebuild,23999,vocab,change,True
s_label_flip,2,baseline-Rebuild,23999,vocab,rebuild,
s_label_flip,2,baseline-Rebuild,31999,vocab,change,True
s_label_flip,2,baseline-Rebuild,31999,vocab,rebuild,
s_label_flip,2,baseline-Rebuild,35999,vocab,change,True
s_label_flip,2,baseline-Rebuild,35999,vocab,rebuild,
s_label_flip,2,baseline-Rebuild,51999,vocab,change,True
s_label_flip,2,baseline-Rebuild,51999,vocab,rebuild,
s_label_flip,2,baseline-Rebuild,63999,vocab,change,True
s_label_flip,2,baseline-Rebuild,63999,vocab,rebuild,
s_label_flip,2,baseline-SIFR,23999,vocab,change,True
s_label_flip,2,baseline-SIFR,31999,vocab,change,True
s_label_flip,2,baseline-SIFR,35999,vocab,change,True
s_label_flip,2,baseline-SIFR,51999,vocab,change,True
s_label_flip,2,baseline-SIFR,63999,vocab,change,True
s_label_flip,2,enhanced-adwin_only,40039,adwin,change,True
s_label_flip,2,enhanced-adwin_only,40039,adwin,rebuild,
s_label_flip,2,enhanced-or,23999,vocab,change,True
s_label_flip,2,enhanced-or,23999,vocab,rebuild,
s_label_flip,2,enhanced-or,31999,vocab,change,True
s_label_flip,2,enhanced-or,31999,vocab,rebuild,
s_label_flip,2,enhanced-or,35999,vocab,change,True
s_label_flip,2,enhanced-or,35999,vocab,rebuild,
s_label_flip,2,enhanced-or,37799,adwin,change,True
s_label_flip,2,enhanced-or,37799,adwin,rebuild,
s_label_flip,2,enhanced-or,40039,adwin,change,True
s_label_flip,2,enhanced-or,40039,adwin,rebuild,
s_label_flip,2,enhanced-or,51999,vocab,change,True
s_label_flip,2,enhanced-or,51999,vocab,rebuild,
s_label_flip,2,enhanced-or,63999,vocab,change,True
s_label_flip,2,enhanced-or,63999,vocab,rebuild,
s_label_flip,2,enhanced-and,23999,vocab,change,False
s_label_flip,2,enhanced-and,31999,vocab,change,False
s_label_flip,2,enhanced-and,35999,vocab,change,False
s_label_flip,2,enhanced-and,40039,adwin,change,False
s_label_flip,2,enhanced-and,43999,vocab,rebuild,
s_label_flip,2,enhanced-and,51999,vocab,change,False
s_label_flip,2,enhanced-and,63999,vocab,change,False
s_label_flip,3,baseline-Rebuild,19999,vocab,change,True
s_label_flip,3,baseline-Rebuild,19999,vocab,rebuild,
s_label_flip,3,baseline-Rebuild,31999,vocab,change,True
s_label_flip,3,baseline-Rebuild,31999,vocab,rebuild,
s_label_flip,3,baseline-Rebuild,43999,vocab,change,True
s_label_flip,3,baseline-Rebuild,43999,vocab,rebuild,
s_label_flip,3,baseline-Rebuild,59999,vocab,change,True
s_label_flip,3,baseline-Rebuild,59999,vocab,rebuild,
s_label_flip,3,baseline-SIFR,19999,vocab,change,True
s_label_flip,3,baseline-SIFR,31999,vocab,change,True
s_label_flip,3,baseline-SIFR,43999,vocab,change,True
s_label_flip,3,baseline-SIFR,59999,vocab,change,True
s_label_flip,3,enhanced-adwin_only,40039,adwin,change,True
s_label_flip,3,enhanced-adwin_only,40039,adwin,rebuild,
s_label_flip,3,enhanced-or,19999,vocab,change,True
s_label_flip,3,enhanced-or,19999,vocab,rebuild,
s_label_flip,3,enhanced-or,31999,vocab,change,True
s_label_flip,3,enhanced-or,31999,vocab,rebuild,
s_label_flip,3,enhanced-or,40039,adwin,change,True
s_label_flip,3,enhanced-or,40039,adwin,rebuild,
s_label_flip,3,enhanced-or,43999,vocab,change,True
s_label_flip,3,enhanced-or,43999,vocab,rebuild,
s_label_flip,3,enhanced-or,59999,vocab,change,True
s_label_flip,3,enhanced-or,59999,vocab,rebuild,
s_label_flip,3,enhanced-and,19999,vocab,change,False
s_label_flip,3,enhanced-and,31999,vocab,change,False
s_label_flip,3,enhanced-and,40039,adwin,change,False
s_label_flip,3,enhanced-and,43999,vocab,change,True
s_label_flip,3,enhanced-and,43999,vocab,rebuild,
s_label_flip,3,enhanced-and,59999,vocab,change,False
s_label_flip,4,baseline-Rebuild,19999,vocab,change,True
s_label_flip,4,baseline-Rebuild,19999,vocab,rebuild,
s_label_flip,4,baseline-Rebuild,31999,vocab,change,True
s_label_flip,4,baseline-Rebuild,31999,vocab,rebuild,
s_label_flip,4,baseline-Rebuild,43999,vocab,change,True
s_label_flip,4,baseline-Rebuild,43999,vocab,rebuild,
s_label_flip,4,baseline-Rebuild,59999,vocab,change,True
s_label_flip,4,baseline-Rebuild,59999,vocab,rebuild,
s_label_flip,4,baseline-SIFR,19999,vocab,change,True
s_label_flip,4,baseline-SIFR,31999,vocab,change,True
s_label_flip,4,baseline-SIFR,43999,vocab,change,True
s_label_flip,4,baseline-SIFR,59999,vocab,change,True
s_label_flip,4,enhanced-adwin_only,40039,adwin,change,True
s_label_flip,4,enhanced-adwin_only,40039,adwin,rebuild,
s_label_flip,4,enhanced-or,19999,vocab,change,True
s_label_flip,4,enhanced-or,19999,vocab,rebuild,
s_label_flip,4,enhanced-or,31999,vocab,change,True
s_label_flip,4,enhanced-or,31999,vocab,rebuild,
s_label_flip,4,enhanced-or,40039,adwin,change,True
s_label_flip,4,enhanced-or,40039,adwin,rebuild,
s_label_flip,4,enhanced-or,43999,vocab,change,True
s_label_flip,4,enhanced-or,43999,vocab,rebuild,
s_label_flip,4,enhanced-or,44135,adwin,change,True
s_label_flip,4,enhanced-or,44135,adwin,rebuild,
s_label_flip,4,enhanced-or,59999,vocab,change,True
s_label_flip,4,enhanced-or,59999,vocab,rebuild,
s_label_flip,4,enhanced-and,19999,vocab,change,False
s_label_flip,4,enhanced-and,31999,vocab,change,False
s_label_flip,4,enhanced-and,40039,adwin,change,True
s_label_flip,4,enhanced-and,40039,adwin,rebuild,
s_label_flip,4,enhanced-and,43999,vocab,change,True
s_label_flip,4,enhanced-and,43999,vocab,rebuild,
s_label_flip,4,enhanced-and,44135,adwin,change,True
s_label_flip,4,enhanced-and,44135,adwin,rebuild,
s_label_flip,4,enhanced-and,59999,vocab,change,False
s_prior_shift,0,baseline-Rebuild,39999,vocab,change,True
s_prior_shift,0,baseline-Rebuild,39999,vocab,rebuild,
s_prior_shift,0,baseline-Rebuild,43999,vocab,change,True
s_prior_shift,0,baseline-Rebuild,43999,vocab,rebuild,
s_prior_shift,0,baseline-SIFR,39999,vocab,change,True
s_prior_shift,0,baseline-SIFR,43999,vocab,change,True
s_prior_shift,0,enhanced-or,39999,vocab,change,True
s_prior_shift,0,enhanced-or,39999,vocab,rebuild,
s_prior_shift,0,enhanced-or,43999,vocab,change,True
s_prior_shift,0,enhanced-or,43999,vocab,rebuild,
s_prior_shift,0,enhanced-or,68711,adwin,change,True
s_prior_shift,0,enhanced-or,68711,adwin,rebuild,
s_prior_shift,0,enhanced-and,39999,vocab,change,False
s_prior_shift,0,enhanced-and,43999,vocab,change,False
s_prior_shift,1,baseline-Rebuild,19999,vocab,change,True
s_prior_shift,1,baseline-Rebuild,19999,vocab,rebuild,
s_prior_shift,1,baseline-Rebuild,43999,vocab,change,True
s_prior_shift,1,baseline-Rebuild,43999,vocab,rebuild,
s_prior_shift,1,baseline-SIFR,19999,vocab,change,True
s_prior_shift,1,baseline-SIFR,43999,vocab,change,True
s_prior_shift,1,enhanced-or,19999,vocab,change,True
s_prior_shift,1,enhanced-or,19999,vocab,rebuild,
s_prior_shift,1,enhanced-or,43999,vocab,change,True
s_prior_shift,1,enhanced-or,43999,vocab,rebuild,
s_prior_shift,1,enhanced-and,19999,vocab,change,False
s_prior_shift,1,enhanced-and,43999,vocab,change,False
s_prior_shift,2,baseline-Rebuild,19999,vocab,change,True
s_prior_shift,2,baseline-Rebuild,19999,vocab,rebuild,
s_prior_shift,2,baseline-Rebuild,23999,vocab,change,True
s_prior_shift,2,baseline-Rebuild,23999,vocab,rebuild,
s_prior_shift,2,baseline-Rebuild,31999,vocab,change,True
s_prior_shift,2,baseline-Rebuild,31999,vocab,rebuild,
s_prior_shift,2,baseline-Rebuild,43999,vocab,change,True
s_prior_shift,2,baseline-Rebuild,43999,vocab,rebuild,
s_prior_shift,2,baseline-SIFR,19999,vocab,change,True
s_prior_shift,2,baseline-SIFR,23999,vocab,change,True
s_prior_shift,2,baseline-SIFR,31999,vocab,change,True
s_prior_shift,2,baseline-SIFR,43999,vocab,change,True
s_prior_shift,2,enhanced-or,19999,vocab,change,True
s_prior_shift,2,enhanced-or,19999,vocab,rebuild,
s_prior_shift,2,enhanced-or,23999,vocab,change,True
s_prior_shift,2,enhanced-or,23999,vocab,rebuild,
s_prior_shift,2,enhanced-or,31999,vocab,change,True
s_prior_shift,2,enhanced-or,31999,vocab,rebuild,
s_prior_shift,2,enhanced-or,43999,vocab,change,True
s_prior_shift,2,enhanced-or,43999,vocab,rebuild,
s_prior_shift,2,enhanced-and,19999,vocab,change,False
s_prior_shift,2,enhanced-and,23999,vocab,change,False
s_prior_shift,2,enhanced-and,31999,vocab,change,False
s_prior_shift,2,enhanced-and,43999,vocab,change,False
s_prior_shift,3,baseline-Rebuild,23999,vocab,change,True
s_prior_shift,3,baseline-Rebuild,23999,vocab,rebuild,
s_prior_shift,3,baseline-Rebuild,35999,vocab,change,True
s_prior_shift,3,baseline-Rebuild,35999,vocab,rebuild,
s_prior_shift,3,baseline-Rebuild,43999,vocab,change,True
s_prior_shift,3,baseline-Rebuild,43999,vocab,rebuild,
s_prior_shift,3,baseline-SIFR,23999,vocab,change,True
s_prior_shift,3,baseline-SIFR,35999,vocab,change,True
s_prior_shift,3,baseline-SIFR,43999,vocab,change,True
s_prior_shift,3,enhanced-or,23999,vocab,change,True
s_prior_shift,3,enhanced-or,23999,vocab,rebuild,
s_prior_shift,3,enhanced-or,35999,vocab,change,True
s_prior_shift,3,enhanced-or,35999,vocab,rebuild,
s_prior_shift,3,enhanced-or,43999,vocab,change,True
s_prior_shift,3,enhanced-or,43999,vocab,rebuild,
s_prior_shift,3,enhanced-and,23999,vocab,change,False
s_prior_shift,3,enhanced-and,35999,vocab,change,False
s_prior_shift,3,enhanced-and,43999,vocab,change,False
s_prior_shift,4,baseline-Rebuild,31999,vocab,change,True
s_prior_shift,4,baseline-Rebuild,31999,vocab,rebuild,
s_prior_shift,4,baseline-Rebuild,43999,vocab,change,True
s_prior_shift,4,baseline-Rebuild,43999,vocab,rebuild,
s_prior_shift,4,baseline-SIFR,31999,vocab,change,True
s_prior_shift,4,baseline-SIFR,43999,vocab,change,True
s_prior_shift,4,enhanced-or,31999,vocab,change,True
s_prior_shift,4,enhanced-or,31999,vocab,rebuild,
s_prior_shift,4,enhanced-or,43999,vocab,change,True
s_prior_shift,4,enhanced-or,43999,vocab,rebuild,
s_prior_shift,4,enhanced-and,31999,vocab,change,False
s_prior_shift,4,enhanced-and,43999,vocab,change,False
s_label_flip_topic,0,baseline-Rebuild,19999,vocab,change,True
s_label_flip_topic,0,baseline-Rebuild,19999,vocab,rebuild,
s_label_flip_topic,0,baseline-Rebuild,39999,vocab,change,True
s_label_flip_topic,0,baseline-Rebuild,39999,vocab,rebuild,
s_label_flip_topic,0,baseline-SIFR,19999,vocab,change,True
s_label_flip_topic,0,baseline-SIFR,39999,vocab,change,True
s_label_flip_topic,0,enhanced-adwin_only,40103,adwin,change,True
s_label_flip_topic,0,enhanced-adwin_only,40103,adwin,rebuild,
s_label_flip_topic,0,enhanced-or,19999,vocab,change,True
s_label_flip_topic,0,enhanced-or,19999,vocab,rebuild,
s_label_flip_topic,0,enhanced-or,39999,vocab,change,True
s_label_flip_topic,0,enhanced-or,39999,vocab,rebuild,
s_label_flip_topic,0,enhanced-or,40103,adwin,change,True
s_label_flip_topic,0,enhanced-or,40103,adwin,rebuild,
s_label_flip_topic,0,enhanced-and,19999,vocab,change,False
s_label_flip_topic,0,enhanced-and,39999,vocab,change,False
s_label_flip_topic,0,enhanced-and,40103,adwin,change,True
s_label_flip_topic,0,enhanced-and,40103,adwin,rebuild,
s_label_flip_topic,0,enhanced-and,43999,vocab,rebuild,
s_label_flip_topic,1,baseline-Rebuild,19999,vocab,change,True
s_label_flip_topic,1,baseline-Rebuild,19999,vocab,rebuild,
s_label_flip_topic,1,baseline-Rebuild,39999,vocab,change,True
s_label_flip_topic,1,baseline-Rebuild,39999,vocab,rebuild,
s_label_flip_topic,1,baseline-Rebuild,55999,vocab,change,True
s_label_flip_topic,1,baseline-Rebuild,55999,vocab,rebuild,
s_label_flip_topic,1,baseline-Rebuild,67999,vocab,change,True
s_label_flip_topic,1,baseline-Rebuild,67999,vocab,rebuild,
s_label_flip_topic,1,baseline-Rebuild,79999,vocab,change,True
s_label_flip_topic,1,baseline-Rebuild,79999,vocab,rebuild,
s_label_flip_topic,1,baseline-SIFR,19999,vocab,change,True
s_label_flip_topic,1,baseline-SIFR,39999,vocab,change,True
s_label_flip_topic,1,baseline-SIFR,55999,vocab,change,True
s_label_flip_topic,1,baseline-SIFR,67999,vocab,change,True
s_label_flip_topic,1,baseline-SIFR,79999,vocab,change,True
s_label_flip_topic,1,enhanced-adwin_only,40071,adwin,change,True
s_label_flip_topic,1,enhanced-adwin_only,40071,adwin,rebuild,
s_label_flip_topic,1,enhanced-or,19999,vocab,change,True
s_label_flip_topic,1,enhanced-or,19999,vocab,rebuild,
s_label_flip_topic,1,enhanced-or,39999,vocab,change,True
s_label_flip_topic,1,enhanced-or,39999,vocab,rebuild,
s_label_flip_topic,1,enhanced-or,40103,adwin,change,True
s_label_flip_topic,1,enhanced-or,40103,adwin,rebuild,
s_label_flip_topic,1,enhanced-or,55999,vocab,change,True
s_label_flip_topic,1,enhanced-or,55999,vocab,rebuild,
s_label_flip_topic,1,enhanced-or,67999,vocab,change,True
s_label_flip_topic,1,enhanced-or,67999,vocab,rebuild,
s_label_flip_topic,1,enhanced-or,79999,vocab,change,True
s_label_flip_topic,1,enhanced-or,79999,vocab,rebuild,
s_label_flip_topic,1,enhanced-and,19999,vocab,change,False
s_label_flip_topic,1,enhanced-and,39999,vocab,change,False
s_label_flip_topic,1,enhanced-and,40071,adwin,change,True
s_label_flip_topic,1,enhanced-and,40071,adwin,rebuild,
s_label_flip_topic,1,enhanced-and,43999,vocab,rebuild,
s_label_flip_topic,1,enhanced-and,55999,vocab,change,False
s_label_flip_topic,1,enhanced-and,67999,vocab,change,False
s_label_flip_topic,1,enhanced-and,79999,vocab,change,False
s_label_flip_topic,2,baseline-Rebuild,23999,vocab,change,True
s_label_flip_topic,2,baseline-Rebuild,23999,vocab,rebuild,
s_label_flip_topic,2,baseline-Rebuild,43999,vocab,change,True
s_label_flip_topic,2,baseline-Rebuild,43999,vocab,rebuild,
s_label_flip_topic,2,baseline-SIFR,23999,vocab,change,True
s_label_flip_topic,2,baseline-SIFR,43999,vocab,change,True
s_label_flip_topic,2,enhanced-adwin_only,40135,adwin,change,True
s_label_flip_topic,2,enhanced-adwin_only,40135,adwin,rebuild,
s_label_flip_topic,2,enhanced-or,23999,vocab,change,True
s_label_flip_topic,2,enhanced-or,23999,vocab,rebuild,
s_label_flip_topic,2,enhanced-or,40103,adwin,change,True
s_label_flip_topic,2,enhanced-or,40103,adwin,rebuild,
s_label_flip_topic,2,enhanced-or,43999,vocab,change,True
s_label_flip_topic,2,enhanced-or,43999,vocab,rebuild,
s_label_flip_topic,2,enhanced-and,23999,vocab,change,False
s_label_flip_topic,2,enhanced-and,40135,adwin,change,True
s_label_flip_topic,2,enhanced-and,40135,adwin,rebuild,
s_label_flip_topic,2,enhanced-and,43999,vocab,change,True
s_label_flip_topic,2,enhanced-and,43999,vocab,rebuild,
s_label_flip_topic,3,baseline-Rebuild,43999,vocab,change,True
s_label_flip_topic,3,baseline-Rebuild,43999,vocab,rebuild,
s_label_flip_topic,3,baseline-Rebuild,55999,vocab,change,True
s_label_flip_topic,3,baseline-Rebuild,55999,vocab,rebuild,
s_label_flip_topic,3,baseline-Rebuild,67999,vocab,change,True
s_label_flip_topic,3,baseline-Rebuild,67999,vocab,rebuild,
s_label_flip_topic,3,baseline-SIFR,43999,vocab,change,True
s_label_flip_topic,3,baseline-SIFR,55999,vocab,change,True
s_label_flip_topic,3,baseline-SIFR,67999,vocab,change,True
s_label_flip_topic,3,enhanced-adwin_only,40135,adwin,change,True
s_label_flip_topic,3,enhanced-adwin_only,40135,adwin,rebuild,
s_label_flip_topic,3,enhanced-or,40135,adwin,change,True
s_label_flip_topic,3,enhanced-or,40135,adwin,rebuild,
s_label_flip_topic,3,enhanced-or,43999,vocab,change,True
s_label_flip_topic,3,enhanced-or,43999,vocab,rebuild,
s_label_flip_topic,3,enhanced-or,55999,vocab,change,True
s_label_flip_topic,3,enhanced-or,55999,vocab,rebuild,
s_label_flip_topic,3,enhanced-or,67999,vocab,change,True
s_label_flip_topic,3,enhanced-or,67999,vocab,rebuild,
s_label_flip_topic,3,enhanced-and,40135,adwin,change,False
s_label_flip_topic,3,enhanced-and,43999,vocab,change,True
s_label_flip_topic,3,enhanced-and,43999,vocab,rebuild,
s_label_flip_topic,3,enhanced-and,55999,vocab,change,False
s_label_flip_topic,3,enhanced-and,67999,vocab,change,False
s_label_flip_topic,4,baseline-Rebuild,19999,vocab,change,True
s_label_flip_topic,4,baseline-Rebuild,19999,vocab,rebuild,
s_label_flip_topic,4,baseline-Rebuild,31999,vocab,change,True
s_label_flip_topic,4,baseline-Rebuild,31999,vocab,rebuild,
s_label_flip_topic,4,baseline-Rebuild,35999,vocab,change,True
s_label_flip_topic,4,baseline-Rebuild,35999,vocab,rebuild,
s_label_flip_topic,4,baseline-Rebuild,43999,vocab,change,True
s_label_flip_topic,4,baseline-Rebuild,43999,vocab,rebuild,
s_label_flip_topic,4,baseline-Rebuild,47999,vocab,change,True
s_label_flip_topic,4,baseline-Rebuild,47999,vocab,rebuild,
s_label_flip_topic,4,baseline-Rebuild,63999,vocab,change,True
s_label_flip_topic,4,baseline-Rebuild,63999,vocab,rebuild,
s_label_flip_topic,4,baseline-Rebuild,67999,vocab,change,True
s_label_flip_topic,4,baseline-Rebuild,67999,vocab,rebuild,
s_label_flip_topic,4,baseline-SIFR,19999,vocab,change,True
s_label_flip_topic,4,baseline-SIFR,31999,vocab,change,True
s_label_flip_topic,4,baseline-SIFR,35999,vocab,change,True
s_label_flip_topic,4,baseline-SIFR,43999,vocab,change,True
s_label_flip_topic,4,baseline-SIFR,47999,vocab,change,True
s_label_flip_topic,4,baseline-SIFR,63999,vocab,change,True
s_label_flip_topic,4,baseline-SIFR,67999,vocab,change,True
s_label_flip_topic,4,enhanced-adwin_only,40135,adwin,change,True
s_label_flip_topic,4,enhanced-adwin_only,40135,adwin,rebuild,
s_label_flip_topic,4,enhanced-or,19999,vocab,change,True
s_label_flip_topic,4,enhanced-or,19999,vocab,rebuild,
s_label_flip_topic,4,enhanced-or,31999,vocab,change,True
s_label_flip_topic,4,enhanced-or,31999,vocab,rebuild,
s_label_flip_topic,4,enhanced-or,35999,vocab,change,True
s_label_flip_topic,4,enhanced-or,35999,vocab,rebuild,
s_label_flip_topic,4,enhanced-or,40167,adwin,change,True
s_label_flip_topic,4,enhanced-or,40167,adwin,rebuild,
s_label_flip_topic,4,enhanced-or,43999,vocab,change,True
s_label_flip_topic,4,enhanced-or,43999,vocab,rebuild,
s_label_flip_topic,4,enhanced-or,47999,vocab,change,True
s_label_flip_topic,4,enhanced-or,47999,vocab,rebuild,
s_label_flip_topic,4,enhanced-or,63999,vocab,change,True
s_label_flip_topic,4,enhanced-or,63999,vocab,rebuild,
s_label_flip_topic,4,enhanced-or,67999,vocab,change,True
s_label_flip_topic,4,enhanced-or,67999,vocab,rebuild,
s_label_flip_topic,4,enhanced-and,19999,vocab,change,False
s_label_flip_topic,4,enhanced-and,31999,vocab,change,False
s_label_flip_topic,4,enhanced-and,35999,vocab,change,False
s_label_flip_topic,4,enhanced-and,40135,adwin,change,False
s_label_flip_topic,4,enhanced-and,43999,vocab,change,True
s_label_flip_topic,4,enhanced-and,43999,vocab,rebuild,
s_label_flip_topic,4,enhanced-and,47999,vocab,change,False
s_label_flip_topic,4,enhanced-and,63999,vocab,change,False
s_label_flip_topic,4,enhanced-and,67999,vocab,change,False
