stream,model,seeds,accuracy_mean,accuracy_std,f1_macro_mean,f1_macro_std,accuracy_post_drift_mean,accuracy_post_drift_std,model_mean_delay_mean,model_mean_delay_std,model_false_alarms_mean,model_false_alarms_std,model_missed_mean,model_missed_std,recovery_mean_mean,recovery_mean_std,throughput_mean,throughput_std,batch_ms_p95_mean,batch_ms_p95_std,model_entries_mean,model_entries_std
ds1,accumulativeMNB,1,0.783075625,,0.7825168209494706,,0.7706967026977927,,,,,,,,28692.0,,27396.643239643956,,47.53097498760326,,353941.0,
ds1,baseline-Rebuild,1,0.807601875,,0.8073901558359471,,0.9339158870015442,,19224.0,,6.0,,0.0,,2384.0,,14319.556857899252,,75.67638000036821,,129564.0,
ds1,baseline-SIFR,1,0.813705,,0.8136611086649217,,0.9805577254973203,,19224.0,,6.0,,0.0,,9832.0,,15580.120474005182,,77.43962498207111,,353941.0,
ds1,enhanced-adwin_only,1,0.815801875,,0.8157700931659349,,0.9982632391679535,,320.0,,8.0,,0.0,,0.0,,15310.87595355742,,76.09641502203885,,93284.0,
ds1,enhanced-and,1,0.816726875,,0.8166714940019494,,0.9994259242438005,,352.0,,18.0,,0.0,,0.0,,13612.162140180722,,82.79037498141406,,86871.0,
ds1,enhanced-or,1,0.81270125,,0.8126455326502711,,0.989742937596512,,704.0,,16.0,,0.0,,0.0,,13978.145988215707,,81.78254000522429,,86779.0,
ds1,fadingMNB,1,0.801695,,0.8016437356537867,,0.9865673539831047,,,,,,,,0.0,,16008.982431929659,,86.91078999981983,,353941.0,
ds2,accumulativeMNB,1,0.8032439786965375,,0.7928076832573829,,0.8660877463893178,,,,,,,,6504.333333333333,,28812.522958684523,,46.016519994009286,,273090.0,
ds2,baseline-Rebuild,1,0.8302059987046451,,0.8112174199798596,,0.9869888273230992,,11012.2,,2.0,,1.0,,4610.2,,13963.04147468236,,76.66081999195738,,120222.0,
ds2,baseline-SIFR,1,0.8303019854342467,,0.817677521068961,,0.9933436279407757,,11012.2,,2.0,,1.0,,8368.666666666666,,15646.833063721371,,81.32762000896037,,273090.0,
ds2,enhanced-adwin_only,1,0.8411550092492067,,0.8260998596923179,,0.992558815514579,,1799.75,,21.0,,2.0,,71.4,,15170.526814197103,,79.8249600105919,,109191.0,
ds2,enhanced-and,1,0.8395390773159128,,0.8264716956022752,,0.9869888273230992,,1095.75,,12.0,,2.0,,5507.0,,11829.61347340642,,90.0362599932123,,120222.0,
ds2,enhanced-or,1,0.8365299399384007,,0.8214710241913769,,0.9869888273230992,,3124.2,,22.0,,1.0,,5560.0,,12191.81581462975,,92.51934000640176,,120222.0,
ds2,fadingMNB,1,0.8248130355570259,,0.8103405439104048,,0.9951167226814425,,,,,,,,5521.166666666667,,17161.374768993428,,72.68406000221148,,273090.0,
s_gradual,accumulativeMNB,5,0.738475,0.0012584712948653083,0.7384719719031719,0.001261831253914326,0.754168,0.0019053398646960268,,,,,,,0.0,0.0,70267.40970264695,25840.78675301009,23.257198994688224,17.3644426899775,58933.2,152.68333242368035
s_gradual,baseline-Rebuild,5,0.736745,0.00146960347543137,0.7366020751824907,0.001479592394889502,0.7541800000000001,0.0024442585787923764,3599.0,2190.8902300206646,1.8,0.8366600265340756,0.0,0.0,0.0,0.0,35960.62949817951,12442.418456859768,70.42252899875163,44.38274376888065,31217.8,12619.633877414986
s_gradual,baseline-SIFR,5,0.7368375,0.0013557170611893901,0.7368155486818013,0.001365352957049355,0.7517039999999999,0.0012933986237815553,3599.0,2190.8902300206646,1.8,0.8366600265340756,0.0,0.0,0.0,0.0,43895.478469658585,874.9994723527374,29.342869000683997,1.8341086176785393,58933.2,152.68333242368035
s_gradual,enhanced-adwin_only,5,0.738475,0.0012584712948653083,0.7384719719031719,0.001261831253914326,0.754168,0.0019053398646960268,,,0.0,0.0,1.0,0.0,0.0,0.0,46790.93839787242,2593.056712382054,27.36746499082073,3.1700337945656374,58933.2,152.68333242368035
s_gradual,enhanced-and,5,0.738475,0.0012584712948653083,0.7384719719031719,0.001261831253914326,0.754168,0.0019053398646960268,,,0.0,0.0,1.0,0.0,0.0,0.0,41016.90133878457,982.8075236435602,30.502976999268867,1.1913374070012557,58933.2,152.68333242368035
s_gradual,enhanced-or,5,0.736745,0.00146960347543137,0.7366020751824907,0.001479592394889502,0.7541800000000001,0.0024442585787923764,3599.0,2190.8902300206646,1.8,0.8366600265340756,0.0,0.0,0.0,0.0,37858.37749626137,3852.769197852295,56.981000992818714,25.32674276247732,31217.8,12619.633877414986
s_gradual,fadingMNB,5,0.7381300000000001,0.0006920643936802378,0.7380869364916623,0.0007032473183598055,0.75306,0.0013987136947924686,,,,,,,0.0,0.0,42245.72893313695,14122.68249622948,34.13221300725125,18.334192224467714,58933.2,152.68333242368035
s_label_flip,accumulativeMNB,5,0.5331374999999999,0.0016565919458333515,0.5325522311880886,0.0019180866009641609,0.32145999999999997,0.0034292218505077615,,,,,,,,,102626.23055753767,3011.70619619787,11.49465999304084,0.5332897625316717,61973.4,166.08973478213477
s_label_flip,baseline-Rebuild,5,0.7099075,0.011513764181404767,0.7098755874994206,0.011495794705817894,0.6813849999999999,0.02163880773055668,3999.0,0.0,3.2,1.0954451150103321,0.2,0.447213595499958,8204.2,3980.710137651321,49382.63023882422,4753.025399326085,49.812848000728955,12.824322443760439,33579.8,4049.620500738311
s_label_flip,baseline-SIFR,5,0.545335,0.007188556444099154,0.5449474305196204,0.007170970119485039,0.34643999999999997,0.014248997771773289,3999.0,0.0,3.2,1.0954451150103321,0.2,0.447213595499958,,,52310.878711662146,4007.9588459321467,25.893561998382204,2.415974285820582,61973.4,166.08973478213477
s_label_flip,enhanced-adwin_only,5,0.743445,0.0015166162995299832,0.7434333047205351,0.001514576791142854,0.742075,0.002258179576561615,39.0,0.0,0.0,0.0,0.0,0.0,4043.0,1824.5626873308574,55171.40492881235,4813.96899132183,23.73040600185049,1.213046801944541,40598.2,77.4641852729382
s_label_flip,enhanced-and,5,0.734075,0.010514963296417148,0.7340541489437311,0.010538803809597536,0.723335,0.02153793600835512,1623.0,2168.981327720458,0.0,0.0,0.0,0.0,4816.4,1570.8409531203342,48136.89723677568,3416.2092056565875,27.988146003044665,5.660820404643999,39649.4,1179.144308386383
s_label_flip,enhanced-or,5,0.737755,0.0038823579336531946,0.7377450843343273,0.003874916590407446,0.7369749999999999,0.005654727004904797,39.0,0.0,3.4,1.51657508881031,0.0,0.0,3183.0,1585.653966034204,43009.43168549636,6209.649886284948,55.67824600293532,16.899729358241572,33579.8,4049.620500738311
s_label_flip,fadingMNB,5,0.557215,0.0007911324952244204,0.5568701258059654,0.0009169340343986618,0.36819999999999997,0.0029939522374279877,,,,,,,,,62898.31043679671,1061.260268801504,19.07898299745284,1.3540818007980155,61973.4,166.08973478213477
s_label_flip_topic,accumulativeMNB,5,0.622585,0.001206279144725638,0.6223398409636504,0.00123379047257112,0.5200750000000001,0.0017846568297574922,,,,,,,,,95828.03004503014,6956.427189388016,13.261127000732813,1.6602719027292112,58859.6,309.2010672685326
s_label_flip_topic,baseline-Rebuild,5,0.6313175,0.00462655885891448,0.6311525537831949,0.004649258550532857,0.542805,0.007512643509444619,3999.0,0.0,3.0,1.8708286933869707,0.4,0.5477225575051661,,,45402.64816200763,2464.9103077290365,37.97007599700008,14.882015153053091,31977.6,14587.05056891214
s_label_flip_topic,baseline-SIFR,5,0.6220025,0.000978934369608103,0.6218496092374418,0.0009749710905058472,0.519615,0.0017991838427464637,3999.0,0.0,3.0,1.8708286933869707,0.4,0.5477225575051661,,,50599.707481240344,2456.0624812116857,25.429136015300173,1.974998137370877,58859.6,309.2010672685326
s_label_flip_topic,enhanced-adwin_only,5,0.639845,0.0020021589909395,0.6397803254862433,0.0020097539363357676,0.554595,0.004545306645321071,115.8,28.621670111997307,0.0,0.0,0.0,0.0,,,52158.976276381334,2756.3283342164254,23.843802996561855,3.605194213271536,40251.8,1371.5125591842027
s_label_flip_topic,enhanced-and,5,0.63799,0.005545292203752663,0.6379214527775013,0.005584480227429801,0.550885,0.01039925778601532,1661.4,2134.047047278949,0.0,0.0,0.0,0.0,,,48994.40811151407,4531.678189666856,26.984040996176173,4.867108776768907,40873.6,3800.2680563349736
s_label_flip_topic,enhanced-or,5,0.634575,0.005329810034138151,0.6344648052996431,0.005372823054841126,0.54932,0.009882203069154168,122.2,28.621670111997307,3.0,1.8708286933869707,0.0,0.0,,,42540.55309502264,2099.5797307042712,47.606319003680234,20.18671570854676,30716.0,13254.467605301996
s_label_flip_topic,fadingMNB,5,0.6228225000000001,0.0008554695348170283,0.6227289275336537,0.0008685014264089802,0.519905,0.0022096662643937984,,,,,,,,,54313.05611333115,4857.541213989469,23.16680099465884,2.6353725001100496,58859.6,309.2010672685326
s_prior_shift,accumulativeMNB,5,0.8028500000000001,0.0010958016471971533,0.7669430492471823,0.0015233103107285394,0.859765,0.0006472538142027083,,,,,,,0.0,0.0,102981.62380290187,3640.3405081684614,12.632975995074958,1.388553568269697,59453.6,227.01938243242617
s_prior_shift,baseline-Rebuild,5,0.815815,0.0035687598511247405,0.7706866477538847,0.0018765772480121088,0.890515,0.006351048141842439,3999.0,0.0,1.6,0.894427190999916,0.0,0.0,0.0,0.0,48401.41591002161,2221.870578902384,29.161217999062455,5.485743572319183,40259.8,5479.782221950066
s_prior_shift,baseline-SIFR,5,0.80192,0.0015206803576031855,0.7660012625958504,0.00252236936306141,0.8591599999999999,0.0011182575731914295,3999.0,0.0,1.6,0.894427190999916,0.0,0.0,0.0,0.0,52992.454058410854,2920.4287664855374,23.976038001419507,1.5406654410675555,59453.6,227.01938243242617
s_prior_shift,enhanced-adwin_only,5,0.8028500000000001,0.0010958016471971533,0.7669430492471823,0.0015233103107285394,0.859765,0.0006472538142027083,,,0.0,0.0,1.0,0.0,0.0,0.0,56640.6104148065,1140.3083911079225,21.270025004050687,1.2852223164248455,59453.6,227.01938243242617
s_prior_shift,enhanced-and,5,0.8028500000000001,0.0010958016471971533,0.7669430492471823,0.0015233103107285394,0.859765,0.0006472538142027083,,,0.0,0.0,1.0,0.0,0.0,0.0,49761.862179055075,1755.2375707719186,24.36162100435467,1.2751488032766871,59453.6,227.01938243242617
s_prior_shift,enhanced-or,5,0.8158225,0.003578368168593059,0.7706736796807906,0.0018513142311672253,0.89053,0.006357952697213152,3999.0,0.0,1.8,0.8366600265340756,0.0,0.0,0.0,0.0,46290.90721136118,895.7951823167358,40.33567000093169,16.030520240323387,38259.8,8551.725743965366
s_prior_shift,fadingMNB,5,0.8010625000000001,0.0012849793286275324,0.7656293196784107,0.0018076785506015108,0.85612,0.0009707278197311633,,,,,,,0.0,0.0,60419.68206783815,1696.7929130870093,21.17833500669803,1.7011645857048532,59453.6,227.01938243242617
s_recurring,accumulativeMNB,5,0.7397075,0.0005619163638834586,0.7396944761314054,0.0005697553145627007,0.77047,0.0017031588299392358,,,,,,,333.8666666666667,546.9387838993806,89941.69188867704,3077.6498639527085,13.614764997328166,1.2016913730010417,58903.2,85.15397818070495
s_recurring,baseline-Rebuild,5,0.7326375,0.0018101709173445224,0.7325481970813447,0.001755891077824685,0.7578199999999999,0.006845399915271576,4399.0,894.4271909999159,1.2,0.8366600265340756,1.4,0.5477225575051661,2436.4666666666667,883.0521124675109,46003.33211565464,3249.500594610324,34.6770659962203,11.737477587093037,41328.2,3166.6943647911457
s_recurring,baseline-SIFR,5,0.7384625,0.0014311544727945722,0.7384563733492006,0.0014361939548146359,0.7684200000000001,0.004256994244769458,4399.0,894.4271909999159,1.2,0.8366600265340756,1.4,0.5477225575051661,347.8666666666667,558.1243190863086,46941.59989799927,2661.5613937913377,26.809100006357767,3.4732220109073513,58903.2,85.15397818070495
s_recurring,enhanced-adwin_only,5,0.7367025,0.0031357614705203813,0.7366805406208797,0.003148416444312421,0.76533,0.006420144079380141,3228.3333333333335,1883.4748029462282,0.0,0.0,2.4,0.5477225575051661,333.8666666666667,546.9387838993806,48879.61591894323,1817.869124415738,24.18304899852955,1.6614928562726243,48884.2,9109.833351933503
s_recurring,enhanced-and,5,0.736405,0.0031729520954467557,0.7363885612648359,0.00318332789701684,0.76368,0.008541340644184575,3228.3333333333335,1883.4748029462282,0.0,0.0,2.4,0.5477225575051661,333.8666666666667,546.9387838993806,42524.19805227032,1125.5424427334194,29.302418995357574,2.531321227829018,48250.0,9726.349366540357
s_recurring,enhanced-or,5,0.7322375,0.0014556731690183685,0.7321503375418417,0.001400095504790103,0.7578199999999999,0.006845399915271576,2129.4,1391.288898827271,1.2,0.8366600265340756,1.4,0.5477225575051661,2436.4666666666667,883.0521124675109,40385.08933395443,1662.0891389394724,45.220102999592164,8.81251628216225,41328.2,3166.6943647911457
s_recurring,fadingMNB,5,0.7388225,0.0012816432323388422,0.7388149789335534,0.0012814130024331224,0.76628,0.002586165114605016,,,,,,,260.06666666666666,581.3404242686801,52342.91820131128,2944.5839243743044,24.16576099378289,1.6066721875172014,58903.2,85.15397818070495
s_sudden,accumulativeMNB,5,0.7387525,0.0008939641351866414,0.738748547823391,0.0008945502981709726,0.75911,0.0007612900235784315,,,,,,,39.8,88.99550550449163,27561.98194601144,1222.7840558720268,46.197556006372906,3.6345186648728443,58995.2,181.99093384012357
s_sudden,baseline-Rebuild,5,0.7391949999999999,0.002589214407885134,0.7390835917364653,0.002544024929400202,0.763875,0.002290878652395173,3999.0,0.0,1.6,1.140175425099138,0.0,0.0,0.0,0.0,14329.428931023922,1193.162852313379,101.81924399483239,44.308484656582124,40058.6,5084.782620722345
s_sudden,baseline-SIFR,5,0.7365625,0.0013350737339188183,0.7365351695570791,0.001354884324146363,0.756065,0.0019053050936792355,3999.0,0.0,1.6,1.140175425099138,0.0,0.0,0.0,0.0,20613.91304239419,8033.790864481065,72.89207499619806,10.756056241464002,58995.2,181.99093384012357
s_sudden,enhanced-adwin_only,5,0.7387525,0.0008939641351866414,0.738748547823391,0.0008945502981709726,0.75911,0.0007612900235784315,,,0.0,0.0,1.0,0.0,39.8,88.99550550449163,26688.84018834949,16597.676710722033,62.31603900465414,30.21804775078454,58995.2,181.99093384012357
s_sudden,enhanced-and,5,0.7387525,0.0008939641351866414,0.738748547823391,0.0008945502981709726,0.75911,0.0007612900235784315,,,0.0,0.0,1.0,0.0,39.8,88.99550550449163,24599.647753002366,15024.618468406843,64.080373008328,30.640343102770554,58995.2,181.99093384012357
s_sudden,enhanced-or,5,0.7391949999999999,0.002589214407885134,0.7390835917364653,0.002544024929400202,0.763875,0.002290878652395173,3999.0,0.0,1.6,1.140175425099138,0.0,0.0,0.0,0.0,22848.01820231779,13765.459692237959,92.03405899315835,56.42770560061315,40058.6,5084.782620722345
s_sudden,fadingMNB,5,0.737965,0.0016091389389980902,0.7379149647613188,0.001612609140013891,0.7572650000000001,0.001592619697228438,,,,,,,0.0,0.0,16282.65653682386,727.9637907075439,72.72680299298372,5.299187129386462,58995.2,181.99093384012357
