stream,seed,model,kind,n,n_drifts,drift_point,accuracy,precision_macro,recall_macro,f1_macro,accuracy_pre_drift,accuracy_post_drift,rebuilds,recovery_mean,recovery_max,not_recovered,recovery_per_drift,runtime_s,throughput,batch_ms_p50,batch_ms_p95,rss_growth_mb,model_entries,tolerance,recovery_window,model_detections,model_detected,model_missed,model_false_alarms,model_mean_delay,vocab_detections,vocab_detected,vocab_missed,vocab_false_alarms,vocab_mean_delay,adwin_detections,adwin_detected,adwin_missed,adwin_false_alarms,adwin_mean_delay
ds1,0,accumulativeMNB,accumulative,1600000,1,1324775,0.783075625,0.7860151892822884,0.7830756249999999,0.7825168209494706,0.7856473740823914,0.7706967026977927,,28692.0,28692.0,0,[28692],58.401315299997805,27396.643239643956,34.82185000029858,47.53097498760326,21.3125,353941,50000,10000,,,,,,,,,,,,,,,
ds1,0,baseline-Rebuild,informed,1600000,1,1324775,0.807601875,0.8089603273160544,0.807601875,0.8073901558359471,0.7813598535600385,0.9339158870015442,7.0,2384.0,2384.0,0,[2384],111.73530130001018,14319.556857899252,60.218450002139434,75.67638000036821,35.4140625,129564,50000,10000,7.0,1.0,0.0,6.0,19224.0,7.0,1.0,0.0,6.0,19224.0,0.0,0.0,1.0,0.0,
ds1,0,baseline-SIFR,informed,1600000,1,1324775,0.813705,0.8140008462671886,0.813705,0.8136611086649217,0.7790409692211885,0.9805577254973203,0.0,9832.0,9832.0,0,[9832],102.69496969997999,15580.120474005182,60.90009998297319,77.43962498207111,38.43359375,353941,50000,10000,7.0,1.0,0.0,6.0,19224.0,7.0,1.0,0.0,6.0,19224.0,0.0,0.0,1.0,0.0,
ds1,0,enhanced-adwin_only,enhanced,1600000,1,1324775,0.815801875,0.8160199436856788,0.815801875,0.8157700931659349,0.7778951142646865,0.9982632391679535,9.0,0.0,0.0,0,[0],104.50087930000154,15310.87595355742,60.43320000753738,76.09641502203885,10.203125,93284,50000,10000,9.0,1.0,0.0,8.0,320.0,0.0,0.0,1.0,0.0,,10.0,1.0,0.0,9.0,320.0
ds1,0,enhanced-and,enhanced,1600000,1,1324775,0.816726875,0.8171100531891613,0.8167268750000001,0.8166714940019494,0.7787707346530542,0.9994259242438005,21.0,0.0,0.0,0,[0],117.54194399999687,13612.162140180722,63.41484998119995,82.79037498141406,11.375,86871,50000,10000,21.0,1.0,0.0,18.0,352.0,7.0,1.0,0.0,6.0,19224.0,12.0,1.0,0.0,10.0,352.0
ds1,0,enhanced-or,enhanced,1600000,1,1324775,0.81270125,0.8130736699461285,0.8127012499999999,0.8126455326502711,0.7759204393198845,0.989742937596512,19.0,0.0,0.0,0,[0],114.4643933000043,13978.145988215707,63.191050008754246,81.78254000522429,10.16796875,86779,50000,10000,19.0,1.0,0.0,16.0,704.0,7.0,1.0,0.0,6.0,19224.0,13.0,1.0,0.0,11.0,704.0
ds1,0,fadingMNB,fading,1600000,1,1324775,0.801695,0.8020072099969616,0.801695,0.8016437356537867,0.7632873506821913,0.9865673539831047,,0.0,0.0,0,[0],99.9438912999758,16008.982431929659,58.6102499946719,86.91078999981983,49.1640625,353941,50000,10000,,,,,,,,,,,,,,,
ds2,0,accumulativeMNB,accumulative,1073065,6,797840,0.8032439786965375,0.7873528590277536,0.8072740257531085,0.7928076832573829,0.7815652261104984,0.8660877463893178,,6504.333333333333,36657.0,0,"[36657, 0, 2369, 0, 0, 0]",37.24300719998428,28812.522958684523,33.05259998887777,46.016519994009286,18.484375,273090,50000,10000,,,,,,,,,,,,,,,
ds2,0,baseline-Rebuild,informed,1073065,6,797840,0.8302059987046451,0.8166249926559935,0.8068533982833054,0.8112174199798596,0.7761217788027674,0.9869888273230992,8.0,4610.2,23051.0,1,"[23051, 0, 0, null, 0, 0]",76.85037690002355,13963.04147468236,60.47890000627376,76.66081999195738,24.62890625,120222,50000,10000,8.0,5.0,1.0,2.0,11012.2,8.0,5.0,1.0,2.0,11012.2,0.0,0.0,6.0,0.0,
ds2,0,baseline-SIFR,informed,1073065,6,797840,0.8303019854342467,0.8129340249079574,0.8244061637874008,0.817677521068961,0.7740587085129851,0.9933436279407757,0.0,8368.666666666666,49574.0,0,"[49574, 0, 638, 0, 0, 0]",68.58033160000923,15646.833063721371,60.10729999979958,81.32762000896037,30.828125,273090,50000,10000,8.0,5.0,1.0,2.0,11012.2,8.0,5.0,1.0,2.0,11012.2,0.0,0.0,6.0,0.0,
ds2,0,enhanced-adwin_only,enhanced,1073065,6,797840,0.8411550092492067,0.825952169578071,0.8262485847016636,0.8260998596923179,0.7889263511480998,0.992558815514579,40.0,71.4,357.0,1,"[357, 0, 0, null, 0, 0]",70.733535700012,15170.526814197103,61.630899988813326,79.8249600105919,13.6484375,109191,50000,10000,40.0,4.0,2.0,21.0,1799.75,0.0,0.0,6.0,0.0,,95.0,4.0,2.0,61.0,207.75
ds2,0,enhanced-and,enhanced,1073065,6,797840,0.8395390773159128,0.822913070653836,0.8308807025636595,0.8264716956022752,0.7886744209365286,0.9869888273230992,32.0,5507.0,23051.0,1,"[23051, 4484, 0, null, 0, 0]",90.71006440001656,11829.61347340642,70.07479999447241,90.0362599932123,12.66015625,120222,50000,10000,32.0,4.0,2.0,12.0,1095.75,8.0,5.0,1.0,2.0,11012.2,63.0,4.0,2.0,40.0,1095.75
ds2,0,enhanced-or,enhanced,1073065,6,797840,0.8365299399384007,0.8205723683749766,0.8224114138847758,0.8214710241913769,0.7846272435576055,0.9869888273230992,46.0,5560.0,23041.0,1,"[23041, 4759, 0, null, 0, 0]",88.01519120001467,12191.81581462975,67.89540001773275,92.51934000640176,7.79296875,120222,50000,10000,46.0,5.0,1.0,22.0,3124.2,8.0,5.0,1.0,2.0,11012.2,91.0,5.0,1.0,65.0,9977.0
ds2,0,fadingMNB,fading,1073065,6,797840,0.8248130355570259,0.8072099540477284,0.8141627609696116,0.8103405439104048,0.7660646244861125,0.9951167226814425,,5521.166666666667,32416.0,0,"[0, 0, 711, 32416, 0, 0]",62.52791599999182,17161.374768993428,55.996500013861805,72.68406000221148,44.52734375,273090,50000,10000,,,,,,,,,,,,,,,
s_gradual,0,accumulativeMNB,accumulative,80000,1,30000,0.74005,0.7400528572291332,0.74005,0.7400492264839796,0.7120666666666666,0.75684,,0.0,0.0,0,[0],3.3032114999950863,24218.854893221036,39.632100000744686,54.282479992252775,3.8671875,58715,10000,1000,,,,,,,,,,,,,,,
s_gradual,0,baseline-Rebuild,informed,80000,1,30000,0.738375,0.7388717002586498,0.738375,0.738238926123356,0.7061333333333333,0.75772,4.0,0.0,0.0,0,[0],5.625588399998378,14220.734670176556,56.413600002997555,140.44778000243238,8.578125,29831,10000,1000,4.0,1.0,0.0,2.0,5999.0,4.0,1.0,0.0,2.0,5999.0,0.0,0.0,1.0,0.0,
s_gradual,0,baseline-SIFR,informed,80000,1,30000,0.737925,0.7380008324202278,0.7379249999999999,0.7379041225890749,0.7114333333333334,0.75382,0.0,0.0,0.0,0,[0],1.8487998000055086,43271.31580161445,21.395550007582642,29.887829987274017,10.62109375,58715,10000,1000,4.0,1.0,0.0,2.0,5999.0,4.0,1.0,0.0,2.0,5999.0,0.0,0.0,1.0,0.0,
s_gradual,0,enhanced-adwin_only,enhanced,80000,1,30000,0.74005,0.7400528572291332,0.74005,0.7400492264839796,0.7120666666666666,0.75684,0.0,0.0,0.0,0,[0],1.816637100011576,44037.41396643844,21.067349996883422,30.375169981562056,7.61328125,58715,10000,1000,0.0,0.0,1.0,0.0,,0.0,0.0,1.0,0.0,,0.0,0.0,1.0,0.0,
s_gradual,0,enhanced-and,enhanced,80000,1,30000,0.74005,0.7400528572291332,0.74005,0.7400492264839796,0.7120666666666666,0.75684,0.0,0.0,0.0,0,[0],1.9502455999900121,41020.474549671955,23.171950000687502,29.881345003377646,9.44921875,58715,10000,1000,0.0,0.0,1.0,0.0,,4.0,1.0,0.0,2.0,5999.0,0.0,0.0,1.0,0.0,
s_gradual,0,enhanced-or,enhanced,80000,1,30000,0.738375,0.7388717002586498,0.738375,0.738238926123356,0.7061333333333333,0.75772,4.0,0.0,0.0,0,[0],2.387058199994499,33514.05508260518,23.184349993243814,71.56217501033095,7.91796875,29831,10000,1000,4.0,1.0,0.0,2.0,5999.0,4.0,1.0,0.0,2.0,5999.0,0.0,0.0,1.0,0.0,
s_gradual,0,fadingMNB,fading,80000,1,30000,0.73885,0.7389791831847103,0.73885,0.7388147032557572,0.7131333333333333,0.75428,,0.0,0.0,0,[0],4.694563400000334,17040.98830574837,55.89884999790229,66.90353999292708,11.32421875,58715,10000,1000,,,,,,,,,,,,,,,
s_gradual,1,accumulativeMNB,accumulative,80000,1,30000,0.73815,0.7381676148767963,0.7381500000000001,0.738145158303977,0.7105,0.75474,,0.0,0.0,0,[0],0.9864905999857001,81095.55225479053,12.057200001436286,14.631554993684404,3.41015625,58887,10000,1000,,,,,,,,,,,,,,,
s_gradual,1,baseline-Rebuild,informed,80000,1,30000,0.736375,0.7369733725765917,0.736375,0.7362084774796664,0.7042666666666667,0.75564,5.0,0.0,0.0,0,[0],2.0533286000136286,38961.12877377202,19.427750012255274,71.41004000732208,7.0234375,15286,10000,1000,5.0,1.0,0.0,3.0,1999.0,5.0,1.0,0.0,3.0,1999.0,0.0,0.0,1.0,0.0,
s_gradual,1,baseline-SIFR,informed,80000,1,30000,0.735175,0.7352677007676257,0.7351749999999999,0.7351489106779143,0.7098666666666666,0.75036,0.0,0.0,0.0,0,[0],1.7675560000061523,45260.23503624301,21.122999998624437,27.99307999084703,9.7890625,58887,10000,1000,5.0,1.0,0.0,3.0,1999.0,5.0,1.0,0.0,3.0,1999.0,0.0,0.0,1.0,0.0,
s_gradual,1,enhanced-adwin_only,enhanced,80000,1,30000,0.73815,0.7381676148767963,0.7381500000000001,0.738145158303977,0.7105,0.75474,0.0,0.0,0.0,0,[0],1.7396165000100154,45987.147166941344,20.197050005663186,28.222689985705067,6.57421875,58887,10000,1000,0.0,0.0,1.0,0.0,,0.0,0.0,1.0,0.0,,0.0,0.0,1.0,0.0,
s_gradual,1,enhanced-and,enhanced,80000,1,30000,0.73815,0.7381676148767963,0.7381500000000001,0.738145158303977,0.7105,0.75474,0.0,0.0,0.0,0,[0],1.9691124000237323,40627.44208966223,23.723750011413358,31.489914997655433,9.7421875,58887,10000,1000,0.0,0.0,1.0,0.0,,5.0,1.0,0.0,3.0,1999.0,0.0,0.0,1.0,0.0,
s_gradual,1,enhanced-or,enhanced,80000,1,30000,0.736375,0.7369733725765917,0.736375,0.7362084774796664,0.7042666666666667,0.75564,5.0,0.0,0.0,0,[0],2.314929000014672,34558.29530819,22.33274999889545,76.15771999553542,5.6484375,15286,10000,1000,5.0,1.0,0.0,3.0,1999.0,5.0,1.0,0.0,3.0,1999.0,0.0,0.0,1.0,0.0,
s_gradual,1,fadingMNB,fading,80000,1,30000,0.7379375,0.7380950655107879,0.7379375,0.737894136182039,0.7105666666666667,0.75436,,0.0,0.0,0,[0],1.6835581000195816,47518.407591083145,19.42169999529142,27.119420001690735,11.50390625,58887,10000,1000,,,,,,,,,,,,,,,
s_gradual,2,accumulativeMNB,accumulative,80000,1,30000,0.7366,0.7366321163024048,0.7365999999999999,0.7365910623701156,0.7105666666666667,0.75222,,0.0,0.0,0,[0],0.9793747999938205,81684.76460748712,11.940399999730289,15.423779975390058,3.046875,58921,10000,1000,,,,,,,,,,,,,,,
s_gradual,2,baseline-Rebuild,informed,80000,1,30000,0.7345,0.7349875527619394,0.7345,0.7343622135141261,0.7054,0.75196,3.0,0.0,0.0,0,[0],1.8625656999938656,42951.5050128237,19.662599996081553,35.07468499592503,6.4609375,40378,10000,1000,3.0,1.0,0.0,1.0,1999.0,3.0,1.0,0.0,1.0,1999.0,0.0,0.0,1.0,0.0,
s_gradual,2,baseline-SIFR,informed,80000,1,30000,0.735925,0.7360809290928565,0.7359249999999999,0.7358813880745023,0.7106333333333333,0.7511,0.0,0.0,0.0,0,[0],1.8602042999991681,43006.0289614618,22.05889999459032,30.767955021292437,8.21875,58921,10000,1000,3.0,1.0,0.0,1.0,1999.0,3.0,1.0,0.0,1.0,1999.0,0.0,0.0,1.0,0.0,
s_gradual,2,enhanced-adwin_only,enhanced,80000,1,30000,0.7366,0.7366321163024048,0.7365999999999999,0.7365910623701156,0.7105666666666667,0.75222,0.0,0.0,0.0,0,[0],1.688249500002712,47386.36084291539,19.638199999462813,27.78733500454109,6.8984375,58921,10000,1000,0.0,0.0,1.0,0.0,,0.0,0.0,1.0,0.0,,0.0,0.0,1.0,0.0,
s_gradual,2,enhanced-and,enhanced,80000,1,30000,0.7366,0.7366321163024048,0.7365999999999999,0.7365910623701156,0.7105666666666667,0.75222,0.0,0.0,0.0,0,[0],1.9477882999926805,41072.22535441897,23.383299994748086,31.64981000008993,8.828125,58921,10000,1000,0.0,0.0,1.0,0.0,,3.0,1.0,0.0,1.0,1999.0,0.0,0.0,1.0,0.0,
s_gradual,2,enhanced-or,enhanced,80000,1,30000,0.7345,0.7349875527619394,0.7345,0.7343622135141261,0.7054,0.75196,3.0,0.0,0.0,0,[0],2.0135299999965355,39731.218308213756,21.84894999663811,31.14573498460227,4.02734375,40378,10000,1000,3.0,1.0,0.0,1.0,1999.0,3.0,1.0,0.0,1.0,1999.0,0.0,0.0,1.0,0.0,
s_gradual,2,fadingMNB,fading,80000,1,30000,0.73705,0.7372839524857928,0.73705,0.7369851694744238,0.7119666666666666,0.7521,,0.0,0.0,0,[0],1.6786151999840513,47658.33170148828,19.103599988739006,25.92347001482267,9.109375,58921,10000,1000,,,,,,,,,,,,,,,
s_gradual,3,accumulativeMNB,accumulative,80000,1,30000,0.738925,0.738926376215927,0.738925,0.7389246240514586,0.7164333333333334,0.75242,,0.0,0.0,0,[0],1.01218429999426,79036.98960797324,12.013700004899874,16.88948000810342,3.69921875,59122,10000,1000,,,,,,,,,,,,,,,
s_gradual,3,baseline-Rebuild,informed,80000,1,30000,0.7376375,0.7379454491490045,0.7376375,0.737552585097901,0.7116,0.75326,2.0,0.0,0.0,0,[0],1.7786958000215236,44976.7745552848,20.282000012230128,29.251929989550263,11.83203125,46788,10000,1000,2.0,1.0,0.0,1.0,1999.0,2.0,1.0,0.0,1.0,1999.0,0.0,0.0,1.0,0.0,
s_gradual,3,baseline-SIFR,informed,80000,1,30000,0.7384375,0.7384600525085036,0.7384375,0.7384313154945455,0.7162666666666667,0.75174,0.0,0.0,0.0,0,[0],1.8220727000152692,43906.041728922006,21.085800006403588,26.898065005661913,8.1328125,59122,10000,1000,2.0,1.0,0.0,1.0,1999.0,2.0,1.0,0.0,1.0,1999.0,0.0,0.0,1.0,0.0,
s_gradual,3,enhanced-adwin_only,enhanced,80000,1,30000,0.738925,0.738926376215927,0.738925,0.7389246240514586,0.7164333333333334,0.75242,0.0,0.0,0.0,0,[0],1.753115200001048,45633.05366353117,20.85570000053849,28.471929990337227,6.734375,59122,10000,1000,0.0,0.0,1.0,0.0,,0.0,0.0,1.0,0.0,,0.0,0.0,1.0,0.0,
s_gradual,3,enhanced-and,enhanced,80000,1,30000,0.738925,0.738926376215927,0.738925,0.7389246240514586,0.7164333333333334,0.75242,0.0,0.0,0.0,0,[0],2.008512600004906,39830.46957226188,23.078750004060566,30.710794992046424,6.98046875,59122,10000,1000,0.0,0.0,1.0,0.0,,2.0,1.0,0.0,1.0,1999.0,0.0,0.0,1.0,0.0,
s_gradual,3,enhanced-or,enhanced,80000,1,30000,0.7376375,0.7379454491490045,0.7376375,0.737552585097901,0.7116,0.75326,2.0,0.0,0.0,0,[0],1.864032400015276,42917.70894075897,21.497700014151633,27.656589989783235,9.328125,46788,10000,1000,2.0,1.0,0.0,1.0,1999.0,2.0,1.0,0.0,1.0,1999.0,0.0,0.0,1.0,0.0,
s_gradual,3,fadingMNB,fading,80000,1,30000,0.73855,0.7387101291417295,0.73855,0.7385061468270883,0.7175333333333334,0.75116,,0.0,0.0,0,[0],1.6189929000101984,49413.43473433149,18.8254499953473,25.19883000204572,11.921875,59122,10000,1000,,,,,,,,,,,,,,,
s_gradual,4,accumulativeMNB,accumulative,80000,1,30000,0.73865,0.7386507732285053,0.73865,0.7386497883063285,0.7120333333333333,0.75462,,0.0,0.0,0,[0],0.9378566000086721,85300.88714976283,11.440349990152754,15.05870000401046,4.0625,59021,10000,1000,,,,,,,,,,,,,,,
s_gradual,4,baseline-Rebuild,informed,80000,1,30000,0.7368375,0.7375205236671285,0.7368375,0.736648173697404,0.7110333333333333,0.75232,5.0,0.0,0.0,0,[0],2.067557200003648,38693.00447884046,20.055549990502186,75.92820999852846,4.1015625,23806,10000,1000,5.0,1.0,0.0,2.0,5999.0,5.0,1.0,0.0,2.0,5999.0,0.0,0.0,1.0,0.0,
s_gradual,4,baseline-SIFR,informed,80000,1,30000,0.736725,0.7367717393332738,0.7367250000000001,0.7367120065729694,0.7121,0.7515,0.0,0.0,0.0,0,[0],1.816787399991881,44033.77082005165,21.02174999890849,31.167414998344608,8.84375,59021,10000,1000,5.0,1.0,0.0,2.0,5999.0,5.0,1.0,0.0,2.0,5999.0,0.0,0.0,1.0,0.0,
s_gradual,4,enhanced-adwin_only,enhanced,80000,1,30000,0.73865,0.7386507732285053,0.73865,0.7386497883063285,0.7120333333333333,0.75462,0.0,0.0,0.0,0,[0],1.5713783999963198,50910.716349535774,18.810599998687394,21.980199991958216,7.265625,59021,10000,1000,0.0,0.0,1.0,0.0,,0.0,0.0,1.0,0.0,,0.0,0.0,1.0,0.0,
s_gradual,4,enhanced-and,enhanced,80000,1,30000,0.73865,0.7386507732285053,0.73865,0.7386497883063285,0.7120333333333333,0.75462,0.0,0.0,0.0,0,[0],1.8808529000089038,42533.89512790782,21.91129999118857,28.783020003174897,8.5546875,59021,10000,1000,0.0,0.0,1.0,0.0,,5.0,1.0,0.0,2.0,5999.0,0.0,0.0,1.0,0.0,
s_gradual,4,enhanced-or,enhanced,80000,1,30000,0.7368375,0.7375205236671285,0.7368375,0.736648173697404,0.7110333333333333,0.75232,5.0,0.0,0.0,0,[0],2.074118099990301,38570.609841538964,20.010750013170764,78.3827849838417,6.328125,23806,10000,1000,5.0,1.0,0.0,2.0,5999.0,5.0,1.0,0.0,2.0,5999.0,0.0,0.0,1.0,0.0,
s_gradual,4,fadingMNB,fading,80000,1,30000,0.7382625,0.7383643901993904,0.7382625,0.7382345267190038,0.7130333333333333,0.7534,,0.0,0.0,0,[0],1.6129850999859627,49597.48233303346,18.958300002850592,25.515805024770085,8.72265625,59021,10000,1000,,,,,,,,,,,,,,,
s_label_flip,0,accumulativeMNB,accumulative,80000,1,40000,0.5341125,0.5341776295365713,0.5340634471933624,0.5336994479837862,0.744925,0.3233,,,,1,[null],0.8042971999966539,99465.71988604811,9.869450004771352,11.911599981249308,3.703125,61879,10000,1000,,,,,,,,,,,,,,,
s_label_flip,0,baseline-Rebuild,informed,80000,1,40000,0.7219125,0.7219678747415715,0.7218979900351912,0.7218859939535559,0.739175,0.70465,3.0,3965.0,3965.0,0,[3965],1.6091127999825403,49716.83775113096,15.879700004006736,41.51757502404503,6.7265625,40438,10000,1000,3.0,1.0,0.0,2.0,3999.0,3.0,1.0,0.0,2.0,3999.0,0.0,0.0,1.0,0.0,
s_label_flip,0,baseline-SIFR,informed,80000,1,40000,0.5338625,0.5339091239744879,0.5338186739859678,0.533530269689618,0.742625,0.3251,0.0,,,1,[null],1.5975155000051018,50077.76137367338,18.750250004814006,27.139524978701953,8.05078125,61879,10000,1000,3.0,1.0,0.0,2.0,3999.0,3.0,1.0,0.0,2.0,3999.0,0.0,0.0,1.0,0.0,
s_label_flip,0,enhanced-adwin_only,enhanced,80000,1,40000,0.7454375,0.7454603071687124,0.7454284130381137,0.7454263687281956,0.744925,0.74595,1.0,3034.0,3034.0,0,[3034],1.4441526999871712,55395.80405916262,16.789850007626228,23.54100000666221,6.63671875,40470,10000,1000,1.0,1.0,0.0,0.0,39.0,0.0,0.0,1.0,0.0,,1.0,1.0,0.0,0.0,39.0
s_label_flip,0,enhanced-and,enhanced,80000,1,40000,0.745575,0.7455942439848204,0.7455665721873936,0.7455651404901722,0.744925,0.746225,2.0,3035.0,3035.0,0,[3035],1.7283606999844778,46286.63449748566,19.472450003377162,26.923815003829066,3.546875,40438,10000,1000,2.0,1.0,0.0,0.0,39.0,3.0,1.0,0.0,2.0,3999.0,1.0,1.0,0.0,0.0,39.0
s_label_flip,0,enhanced-or,enhanced,80000,1,40000,0.7427,0.7427431633804674,0.7426877813676882,0.7426816268248595,0.739175,0.746225,4.0,2989.0,2989.0,0,[2989],1.991248700011056,40175.7952181241,20.928749989252537,32.84924501058409,3.27734375,40438,10000,1000,4.0,1.0,0.0,2.0,39.0,3.0,1.0,0.0,2.0,3999.0,1.0,1.0,0.0,0.0,39.0
s_label_flip,0,fadingMNB,fading,80000,1,40000,0.5570125,0.5571036144449129,0.5569718008985045,0.5567379489571,0.745425,0.3686,,,,1,[null],1.2911538000043947,61960.08562243143,14.98790000914596,20.374174986500293,8.5546875,61879,10000,1000,,,,,,,,,,,,,,,
s_label_flip,1,accumulativeMNB,accumulative,80000,1,40000,0.5345125,0.5346917394518217,0.5345312173206932,0.5339820695809455,0.7466,0.322425,,,,1,[null],0.798169699992286,100229.31213847527,9.839299993473105,12.079704998177476,4.09375,61828,10000,1000,,,,,,,,,,,,,,,
s_label_flip,1,baseline-Rebuild,informed,80000,1,40000,0.7113,0.7113303453534143,0.7113031851692135,0.7112915812625096,0.7417,0.6809,5.0,9465.0,9465.0,0,[9465],1.8210284000087995,43931.220402500825,17.03605000511743,63.44585499027742,8.0390625,32594,10000,1000,5.0,1.0,0.0,3.0,3999.0,5.0,1.0,0.0,3.0,3999.0,0.0,0.0,1.0,0.0,
s_label_flip,1,baseline-SIFR,informed,80000,1,40000,0.5426625,0.5428231631006475,0.5426784972852454,0.5422831808461126,0.746825,0.3385,0.0,,,1,[null],1.6722328000178095,47840.228943690134,18.58659999561496,26.32685000426135,10.25,61828,10000,1000,5.0,1.0,0.0,3.0,3999.0,5.0,1.0,0.0,3.0,3999.0,0.0,0.0,1.0,0.0,
s_label_flip,1,enhanced-adwin_only,enhanced,80000,1,40000,0.7439875,0.7439986669758445,0.7439892856817589,0.7439854387227612,0.7466,0.741375,1.0,3380.0,3380.0,0,[3380],1.538929799979087,51984.17757657766,18.522750004194677,24.46011999854818,6.84765625,40635,10000,1000,1.0,1.0,0.0,0.0,39.0,0.0,0.0,1.0,0.0,,1.0,1.0,0.0,0.0,39.0
s_label_flip,1,enhanced-and,enhanced,80000,1,40000,0.7404125,0.740413332656457,0.7404129508499175,0.7404124558295568,0.7466,0.734225,4.0,5926.0,5926.0,0,[5926],1.82937610000954,43730.75607557287,19.601450010668486,37.95787499402647,4.9140625,38061,10000,1000,4.0,1.0,0.0,0.0,39.0,5.0,1.0,0.0,3.0,3999.0,2.0,1.0,0.0,0.0,39.0
s_label_flip,1,enhanced-or,enhanced,80000,1,40000,0.73775,0.7377505127505128,0.7377503469194799,0.7377499867235932,0.7417,0.7338,7.0,5925.0,5925.0,0,[5925],2.1311234000022523,37538.88676738074,19.420550001086667,71.0163350013317,3.265625,32594,10000,1000,7.0,1.0,0.0,3.0,39.0,5.0,1.0,0.0,3.0,3999.0,2.0,1.0,0.0,0.0,39.0
s_label_flip,1,fadingMNB,fading,80000,1,40000,0.55655,0.556719838242901,0.556564413360735,0.556252329625236,0.7478,0.3653,,,,1,[null],1.2425069999881089,64385.955170285255,14.717799989739433,18.0124750098912,8.55859375,61828,10000,1000,,,,,,,,,,,,,,,
s_label_flip,2,accumulativeMNB,accumulative,80000,1,40000,0.5336125,0.5338685543484742,0.5337488455604752,0.5332585634780623,0.746275,0.32095,,,,1,[null],0.7602422999916598,105229.60903501112,9.135000000242144,10.84161000035237,2.4375,61972,10000,1000,,,,,,,,,,,,,,,
s_label_flip,2,baseline-Rebuild,informed,80000,1,40000,0.6953875,0.6954605932241467,0.6954242488955127,0.695380148713842,0.739175,0.6516,5.0,11693.0,11693.0,0,[11693],1.76816899998812,45244.54393247337,18.00280000315979,64.01914000016404,3.16015625,29608,10000,1000,5.0,0.0,1.0,5.0,,5.0,0.0,1.0,5.0,,0.0,0.0,1.0,0.0,
s_label_flip,2,baseline-SIFR,informed,80000,1,40000,0.5509125,0.5511346884676592,0.5510212206418204,0.5507069820710718,0.74575,0.356075,0.0,,,1,[null],1.5812546999950428,50592.73499724668,18.161500003770925,28.833185012626924,9.828125,61972,10000,1000,5.0,0.0,1.0,5.0,,5.0,0.0,1.0,5.0,,0.0,0.0,1.0,0.0,
s_label_flip,2,enhanced-adwin_only,enhanced,80000,1,40000,0.7432125,0.7432073777321373,0.7432089469082234,0.743208050718365,0.746275,0.74015,1.0,3507.0,3507.0,0,[3507],1.636722600000212,48878.16664839212,19.328299997141585,25.413619997561906,5.43359375,40673,10000,1000,1.0,1.0,0.0,0.0,39.0,0.0,0.0,1.0,0.0,,1.0,1.0,0.0,0.0,39.0
s_label_flip,2,enhanced-and,enhanced,80000,1,40000,0.7235875,0.7236105804313611,0.7236064048365962,0.7235872943748607,0.746275,0.7009,1.0,3986.0,3986.0,0,[3986],1.6754397999902721,47748.65680071853,19.373400005861185,25.100540016137526,5.69921875,40564,10000,1000,1.0,1.0,0.0,0.0,3999.0,5.0,0.0,1.0,5.0,,1.0,1.0,0.0,0.0,39.0
s_label_flip,2,enhanced-or,enhanced,80000,1,40000,0.7371125,0.7371078742310564,0.7371107544103932,0.7371088276978602,0.7397,0.734525,7.0,2064.0,2064.0,0,[2064],2.1073714999947697,37961.98249819671,19.23775000614114,71.29092500254046,3.578125,29608,10000,1000,7.0,1.0,0.0,6.0,39.0,5.0,0.0,1.0,5.0,,2.0,1.0,0.0,1.0,39.0
s_label_flip,2,fadingMNB,fading,80000,1,40000,0.5579375,0.5581574561557875,0.5580410197192107,0.5577568236924348,0.747325,0.36855,,,,1,[null],1.2914326000027359,61946.709413894714,14.829699997790158,20.7334350066958,11.578125,61972,10000,1000,,,,,,,,,,,,,,,
s_label_flip,3,accumulativeMNB,accumulative,80000,1,40000,0.530325,0.53036359027991,0.5301150061617207,0.5292572893340158,0.7448,0.31585,,,,1,[null],0.7848174000100698,101934.53916665653,9.624450001865625,11.579155000799801,4.18359375,61934,10000,1000,,,,,,,,,,,,,,,
s_label_flip,3,baseline-Rebuild,informed,80000,1,40000,0.7197625,0.7198986543395995,0.7196958147477543,0.7196748009184795,0.74015,0.699375,4.0,3979.0,3979.0,0,[3979],1.4665583000169136,54549.48500791095,15.262349988915958,37.76275000127493,6.4453125,32699,10000,1000,4.0,1.0,0.0,3.0,3999.0,4.0,1.0,0.0,3.0,3999.0,0.0,0.0,1.0,0.0,
s_label_flip,3,baseline-SIFR,informed,80000,1,40000,0.5493625,0.5494688185440336,0.5491880841943505,0.5486380623269022,0.74445,0.354275,0.0,,,1,[null],1.432045499997912,55864.14677474748,16.583350006840192,24.656314993626435,9.265625,61934,10000,1000,4.0,1.0,0.0,3.0,3999.0,4.0,1.0,0.0,3.0,3999.0,0.0,0.0,1.0,0.0,
s_label_flip,3,enhanced-adwin_only,enhanced,80000,1,40000,0.74335,0.7433990220810505,0.7433093422062519,0.7433117945274975,0.7448,0.7419,1.0,3010.0,3010.0,0,[3010],1.3412134999816772,59647.47596195006,15.514350001467392,22.540099998877842,5.6796875,40591,10000,1000,1.0,1.0,0.0,0.0,39.0,0.0,0.0,1.0,0.0,,1.0,1.0,0.0,0.0,39.0
s_label_flip,3,enhanced-and,enhanced,80000,1,40000,0.72225,0.7224051342008255,0.7221800553382466,0.7221559331127146,0.7448,0.6997,1.0,4217.0,4217.0,0,[4217],1.5279227999853902,52358.66628913774,17.075499999918975,24.2026949985302,6.609375,40479,10000,1000,1.0,1.0,0.0,0.0,3999.0,4.0,1.0,0.0,3.0,3999.0,1.0,1.0,0.0,0.0,39.0
s_label_flip,3,enhanced-or,enhanced,80000,1,40000,0.739225,0.7392449351498169,0.7391948319902547,0.7391993096649981,0.74015,0.7383,5.0,2806.0,2806.0,0,[2806],1.581033299997216,50599.819750881186,16.479149999213405,44.2266299956827,3.28125,32699,10000,1000,5.0,1.0,0.0,3.0,39.0,4.0,1.0,0.0,3.0,3999.0,1.0,1.0,0.0,0.0,39.0
s_label_flip,3,fadingMNB,fading,80000,1,40000,0.556425,0.5565548814493755,0.5562571889210675,0.5557605263083788,0.7471,0.36575,,,,1,[null],1.2771748999948613,62638.249467885624,15.067800020915456,18.20403499150416,8.15234375,61934,10000,1000,,,,,,,,,,,,,,,
s_label_flip,4,accumulativeMNB,accumulative,80000,1,40000,0.533125,0.5332536343658532,0.5330976211824776,0.5325637855636329,0.741475,0.324775,,,,1,[null],0.7527854999934789,106271.97256149728,9.395049986778758,11.061229984625243,2.4375,62254,10000,1000,,,,,,,,,,,,,,,
s_label_flip,4,baseline-Rebuild,informed,80000,1,40000,0.701175,0.701240774646999,0.7011674887471928,0.7011454126487158,0.73195,0.6704,4.0,11919.0,11919.0,0,[11919],1.4961363000038546,53471.06410010498,15.435750014148653,42.31891998788337,5.32421875,32560,10000,1000,4.0,1.0,0.0,3.0,3999.0,4.0,1.0,0.0,3.0,3999.0,0.0,0.0,1.0,0.0,
s_label_flip,4,baseline-SIFR,informed,80000,1,40000,0.549875,0.5499822672771235,0.5498548319070924,0.5495786576643972,0.7415,0.35825,0.0,,,1,[null],1.3991022999980487,57179.52146895304,16.317700006766245,22.51193500269437,9.03125,62254,10000,1000,4.0,1.0,0.0,3.0,3999.0,4.0,1.0,0.0,3.0,3999.0,0.0,0.0,1.0,0.0,
s_label_flip,4,enhanced-adwin_only,enhanced,80000,1,40000,0.7412375,0.7412427679760054,0.7412354243906716,0.7412348709058564,0.741475,0.741,1.0,7284.0,7284.0,0,[7284],1.3344141999841668,59951.4003979793,15.513000005739741,22.697190007602327,5.52734375,40622,10000,1000,1.0,1.0,0.0,0.0,39.0,0.0,0.0,1.0,0.0,,1.0,1.0,0.0,0.0,39.0
s_label_flip,4,enhanced-and,enhanced,80000,1,40000,0.73855,0.7385499014694912,0.7385500326720209,0.7385499209113511,0.741475,0.735625,3.0,6918.0,6918.0,0,[6918],1.5822856000158936,50559.77252096361,17.34355000371579,25.755805002700058,6.23828125,38705,10000,1000,3.0,1.0,0.0,0.0,39.0,4.0,1.0,0.0,3.0,3999.0,2.0,1.0,0.0,0.0,39.0
s_label_flip,4,enhanced-or,enhanced,80000,1,40000,0.7319875,0.7319902725145297,0.7319858784709622,0.7319856707603256,0.73195,0.732025,6.0,2131.0,2131.0,0,[2131],1.6403300000238232,48770.67419289907,16.414500001701526,59.008095004537594,4.0,32560,10000,1000,6.0,1.0,0.0,3.0,39.0,4.0,1.0,0.0,3.0,3999.0,2.0,1.0,0.0,0.0,39.0
s_label_flip,4,fadingMNB,fading,80000,1,40000,0.55815,0.5582862404000039,0.5581292772027373,0.5578430004466776,0.7435,0.3728,,,,1,[null],1.2586423000029754,63560.552509486515,15.049950015963987,18.070794992672745,9.39453125,62254,10000,1000,,,,,,,,,,,,,,,
s_label_flip_topic,0,accumulativeMNB,accumulative,80000,1,40000,0.621,0.6212410202824777,0.6209725104551722,0.6207792876200713,0.723475,0.518525,,,,1,[null],0.790705599996727,101175.4564534906,9.685500015621074,11.91744001553161,2.734375,59388,10000,1000,,,,,,,,,,,,,,,
s_label_flip_topic,0,baseline-Rebuild,informed,80000,1,40000,0.6274625,0.6277006930922795,0.6274359153162106,0.6272590556046773,0.717375,0.53755,2.0,,,1,[null],1.803168500016909,44366.347348708565,19.424749989411794,32.05846999335332,9.875,46264,10000,1000,2.0,0.0,1.0,2.0,,2.0,0.0,1.0,2.0,,0.0,0.0,1.0,0.0,
s_label_flip_topic,0,baseline-SIFR,informed,80000,1,40000,0.6209875,0.621145324187226,0.6209649895072886,0.6208375364468898,0.723025,0.51895,0.0,,,1,[null],1.4879306000075303,53765.94849221807,17.472150007961318,22.125885017157998,9.62109375,59388,10000,1000,2.0,0.0,1.0,2.0,,2.0,0.0,1.0,2.0,,0.0,0.0,1.0,0.0,
s_label_flip_topic,0,enhanced-adwin_only,enhanced,80000,1,40000,0.640875,0.6409304257501129,0.6408622547904506,0.6408266696366663,0.723475,0.558275,1.0,,,1,[null],1.4977782999922056,53412.444285256584,17.12730000144802,23.59688998694764,2.01953125,39519,10000,1000,1.0,1.0,0.0,0.0,103.0,0.0,0.0,1.0,0.0,,1.0,1.0,0.0,0.0,103.0
s_label_flip_topic,0,enhanced-and,enhanced,80000,1,40000,0.6405375,0.6405966117780831,0.6405243577614415,0.6404862678888237,0.723475,0.5576,2.0,,,1,[null],1.7467164999980014,45800.22001285929,19.750049992580898,29.50255999021465,6.8125,39396,10000,1000,2.0,1.0,0.0,0.0,103.0,2.0,0.0,1.0,2.0,,1.0,1.0,0.0,0.0,103.0
s_label_flip_topic,0,enhanced-or,enhanced,80000,1,40000,0.6363875,0.6364904481093728,0.6363702395261619,0.6363008245195434,0.717375,0.5554,3.0,,,1,[null],1.858227499993518,43051.77918219328,20.140000007813796,28.569739994418267,4.63671875,39956,10000,1000,3.0,1.0,0.0,2.0,103.0,2.0,0.0,1.0,2.0,,1.0,1.0,0.0,0.0,103.0
s_label_flip_topic,0,fadingMNB,fading,80000,1,40000,0.6221,0.6221748649502674,0.6220841444899219,0.6220235162222723,0.72395,0.52025,,,,1,[null],1.5057385000109207,53130.07537458847,18.144750007195398,24.588039984519128,8.375,59388,10000,1000,,,,,,,,,,,,,,,
s_label_flip_topic,1,accumulativeMNB,accumulative,80000,1,40000,0.6241,0.6244066860286162,0.6241347666332017,0.6239070558575637,0.727025,0.521175,,,,1,[null],0.8299559000006411,96390.66364843988,9.984800009988248,13.376975021674298,3.09375,58743,10000,1000,,,,,,,,,,,,,,,
s_label_flip_topic,1,baseline-Rebuild,informed,80000,1,40000,0.6324625,0.632742700392503,0.6324946851337494,0.6323020779353743,0.7203,0.544625,5.0,,,1,[null],1.8149300999939442,44078.83256785864,18.062699993606657,60.742405003111344,5.69140625,14659,10000,1000,5.0,0.0,1.0,5.0,,5.0,0.0,1.0,5.0,,0.0,0.0,1.0,0.0,
s_label_flip_topic,1,baseline-SIFR,informed,80000,1,40000,0.6218375,0.622009541776071,0.6218633195038845,0.6217334217832323,0.7253,0.518375,0.0,,,1,[null],1.5232184000196867,52520.37396539199,17.65920000616461,25.0539250249858,9.34765625,58743,10000,1000,5.0,0.0,1.0,5.0,,5.0,0.0,1.0,5.0,,0.0,0.0,1.0,0.0,
s_label_flip_topic,1,enhanced-adwin_only,enhanced,80000,1,40000,0.6377625,0.63789595496263,0.6377838553910005,0.6376961027725445,0.727025,0.5485,1.0,,,1,[null],1.6716624000109732,47856.55285389852,19.34600000095088,28.642949997447417,6.0390625,41510,10000,1000,1.0,1.0,0.0,0.0,71.0,0.0,0.0,1.0,0.0,,1.0,1.0,0.0,0.0,71.0
s_label_flip_topic,1,enhanced-and,enhanced,80000,1,40000,0.64245,0.6424932488774924,0.6424613908800635,0.6424335874781862,0.727025,0.557875,2.0,,,1,[null],1.6383552000042982,48829.46018042371,18.21685000322759,27.48613998846846,6.71484375,39299,10000,1000,2.0,1.0,0.0,0.0,71.0,5.0,0.0,1.0,5.0,,1.0,1.0,0.0,0.0,71.0
s_label_flip_topic,1,enhanced-or,enhanced,80000,1,40000,0.6384875,0.6385442407198418,0.6385008919510031,0.6384635594523373,0.7203,0.556675,6.0,,,1,[null],2.051719299983233,38991.68858072045,20.477000012760982,65.26171000587055,0.14453125,14659,10000,1000,6.0,1.0,0.0,5.0,103.0,5.0,0.0,1.0,5.0,,1.0,1.0,0.0,0.0,103.0
s_label_flip_topic,1,fadingMNB,fading,80000,1,40000,0.6237875,0.6239393170917807,0.6238114799923511,0.6236989793594838,0.727075,0.5205,,,,1,[null],1.6202536999771837,49374.98368380615,18.970199991599657,23.790940012258936,11.3359375,58743,10000,1000,,,,,,,,,,,,,,,
s_label_flip_topic,2,accumulativeMNB,accumulative,80000,1,40000,0.623,0.6233611302478081,0.6230909824337864,0.6228244320809103,0.723875,0.522125,,,,1,[null],0.8082312000042293,98981.57853790026,9.78449999820441,12.54988997679902,3.13671875,58742,10000,1000,,,,,,,,,,,,,,,
s_label_flip_topic,2,baseline-Rebuild,informed,80000,1,40000,0.6266,0.6269332752834109,0.6266859993458305,0.6264468198490643,0.720425,0.532775,2.0,,,1,[null],1.8627001999993809,42948.40361322052,18.90080000157468,26.71722000086447,11.9921875,47662,10000,1000,2.0,1.0,0.0,1.0,3999.0,2.0,1.0,0.0,1.0,3999.0,0.0,0.0,1.0,0.0,
s_label_flip_topic,2,baseline-SIFR,informed,80000,1,40000,0.6224125,0.6226688960760349,0.6224876562217558,0.6222979825778117,0.72325,0.521575,0.0,,,1,[null],1.649523300002329,48498.86024640394,19.077350007137284,26.55481500987662,8.90234375,58742,10000,1000,2.0,1.0,0.0,1.0,3999.0,2.0,1.0,0.0,1.0,3999.0,0.0,0.0,1.0,0.0,
s_label_flip_topic,2,enhanced-adwin_only,enhanced,80000,1,40000,0.6381,0.6383560804211584,0.6381717251997119,0.6380020424476915,0.723875,0.552325,1.0,,,1,[null],1.5205886000185274,52611.205949475916,17.493899998953566,20.891694999590978,6.1640625,41954,10000,1000,1.0,1.0,0.0,0.0,135.0,0.0,0.0,1.0,0.0,,1.0,1.0,0.0,0.0,135.0
s_label_flip_topic,2,enhanced-and,enhanced,80000,1,40000,0.6285,0.6288082911032342,0.6285818467218667,0.6283637126115982,0.723875,0.533125,2.0,,,1,[null],1.837049499998102,43548.0916546248,18.707900017034262,33.25219500839007,9.2734375,47662,10000,1000,2.0,1.0,0.0,0.0,135.0,2.0,1.0,0.0,1.0,3999.0,1.0,1.0,0.0,0.0,135.0
s_label_flip_topic,2,enhanced-or,enhanced,80000,1,40000,0.6264625,0.6267978118209758,0.6265488298651032,0.6263079357655774,0.720425,0.5325,3.0,,,1,[null],1.882829500013031,42489.242918408876,19.108699998469092,71.72461500158533,4.3046875,47662,10000,1000,3.0,1.0,0.0,1.0,103.0,2.0,1.0,0.0,1.0,3999.0,1.0,1.0,0.0,0.0,103.0
s_label_flip_topic,2,fadingMNB,fading,80000,1,40000,0.6233875,0.6235316531036554,0.6234411999909278,0.6233353860376506,0.725925,0.52085,,,,1,[null],1.2919545999902766,61921.68053010693,15.710749998106621,18.78092999686487,11.375,58742,10000,1000,,,,,,,,,,,,,,,
s_label_flip_topic,3,accumulativeMNB,accumulative,80000,1,40000,0.6230375,0.6233815972625945,0.6230101855101855,0.6227430494764563,0.72545,0.520625,,,,1,[null],0.809437899995828,98834.01802709304,9.755749997566454,12.383879986009559,3.35546875,58840,10000,1000,,,,,,,,,,,,,,,
s_label_flip_topic,3,baseline-Rebuild,informed,80000,1,40000,0.6381625,0.6383123737400089,0.6381452506452506,0.6380466884570002,0.72545,0.550875,3.0,,,1,[null],1.6260209000029135,49199.85960811245,17.981099997996353,25.4188199920463,4.921875,28896,10000,1000,3.0,1.0,0.0,2.0,3999.0,3.0,1.0,0.0,2.0,3999.0,0.0,0.0,1.0,0.0,
s_label_flip_topic,3,baseline-SIFR,informed,80000,1,40000,0.6234625,0.6236828149072942,0.623440485940486,0.623269442012129,0.72545,0.521475,0.0,,,1,[null],1.6587771000049543,48228.300233805414,18.70085000700783,26.816695000161413,8.390625,58840,10000,1000,3.0,1.0,0.0,2.0,3999.0,3.0,1.0,0.0,2.0,3999.0,0.0,0.0,1.0,0.0,
s_label_flip_topic,3,enhanced-adwin_only,enhanced,80000,1,40000,0.6426,0.6426930626214348,0.6425864675864676,0.6425281729623735,0.72545,0.55975,1.0,,,1,[null],1.446866099984618,55291.91678542369,17.233650010894053,19.969510009104848,6.9609375,39251,10000,1000,1.0,1.0,0.0,0.0,135.0,0.0,0.0,1.0,0.0,,1.0,1.0,0.0,0.0,135.0
s_label_flip_topic,3,enhanced-and,enhanced,80000,1,40000,0.64055,0.6406639922046031,0.6405349905349905,0.6404619410397543,0.72545,0.55565,1.0,,,1,[null],1.5361785000131931,52077.28138319404,18.06274999398738,24.032220020308156,7.2734375,39153,10000,1000,1.0,1.0,0.0,0.0,3999.0,3.0,1.0,0.0,2.0,3999.0,1.0,1.0,0.0,0.0,135.0
s_label_flip_topic,3,enhanced-or,enhanced,80000,1,40000,0.6394,0.6395411806184909,0.6393833143833143,0.6392917313841909,0.72545,0.55335,4.0,,,1,[null],1.8129029000119772,44128.12180921078,19.226200005505234,28.630875011731376,2.6640625,28896,10000,1000,4.0,1.0,0.0,2.0,135.0,3.0,1.0,0.0,2.0,3999.0,1.0,1.0,0.0,0.0,135.0
s_label_flip_topic,3,fadingMNB,fading,80000,1,40000,0.6230625,0.6231985715304762,0.6230449605449606,0.6229381161808318,0.7243,0.521825,,,,1,[null],1.5570793999941088,51378.240570328446,18.012850006925873,25.640209979610518,7.36328125,58840,10000,1000,,,,,,,,,,,,,,,
s_label_flip_topic,4,accumulativeMNB,accumulative,80000,1,40000,0.6217875,0.622198223579246,0.6217667609157128,0.6214453797832501,0.72565,0.517925,,,,1,[null],0.9551276999991387,83758.43355822697,11.318200005916879,16.077450003649574,3.32421875,58585,10000,1000,,,,,,,,,,,,,,,
s_label_flip_topic,4,baseline-Rebuild,informed,80000,1,40000,0.6319,0.6321512794905889,0.6318843321233227,0.6317081270698586,0.7156,0.5482,7.0,,,1,[null],1.7234026000078302,46419.79767213797,17.24534999812022,44.913464995624956,7.21875,22407,10000,1000,7.0,1.0,0.0,5.0,3999.0,7.0,1.0,0.0,5.0,3999.0,0.0,0.0,1.0,0.0,
s_label_flip_topic,4,baseline-SIFR,informed,80000,1,40000,0.6213125,0.6215490158558219,0.6212966081853379,0.6211096633671466,0.724925,0.5177,0.0,,,1,[null],1.6004784000106156,49985.05446838232,18.362699993303977,26.59436002431903,9.546875,58585,10000,1000,7.0,1.0,0.0,5.0,3999.0,7.0,1.0,0.0,5.0,3999.0,0.0,0.0,1.0,0.0,
s_label_flip_topic,4,enhanced-adwin_only,enhanced,80000,1,40000,0.6398875,0.6399368690953904,0.6398805422914657,0.6398486396119405,0.72565,0.554125,1.0,,,1,[null],1.5497040000045672,51622.76150785197,17.864099994767457,26.117969989718404,7.28125,39025,10000,1000,1.0,1.0,0.0,0.0,135.0,0.0,0.0,1.0,0.0,,1.0,1.0,0.0,0.0,135.0
s_label_flip_topic,4,enhanced-and,enhanced,80000,1,40000,0.6379125,0.637977290148841,0.6379045263232179,0.6378617548691441,0.72565,0.550175,1.0,,,1,[null],1.4620687999995425,54716.987326468516,16.52589999139309,20.647089973499526,6.5390625,38858,10000,1000,1.0,1.0,0.0,0.0,3999.0,7.0,1.0,0.0,5.0,3999.0,1.0,1.0,0.0,0.0,135.0
s_label_flip_topic,4,enhanced-or,enhanced,80000,1,40000,0.6321375,0.6323696908631398,0.6321224359899936,0.6319599753765666,0.7156,0.548675,8.0,,,1,[null],1.816450700018322,44041.9329845798,17.48290000250563,43.84465500479562,5.13671875,22407,10000,1000,8.0,1.0,0.0,5.0,167.0,7.0,1.0,0.0,5.0,3999.0,1.0,1.0,0.0,0.0,167.0
s_label_flip_topic,4,fadingMNB,fading,80000,1,40000,0.621775,0.6219191457292721,0.621762512163631,0.6216486398680303,0.72745,0.5161,,,,1,[null],1.434712500020396,55760.30040782576,16.746699999202974,23.03388500004075,11.546875,58585,10000,1000,,,,,,,,,,,,,,,
s_prior_shift,0,accumulativeMNB,accumulative,80000,1,40000,0.80305,0.7653687142784065,0.7717261904761905,0.7683570700197946,0.7461,0.86,,0.0,0.0,0,[0],0.7749898000038229,103227.16505379215,9.295149982790463,12.346039986005053,3.23046875,59320,10000,1000,,,,,,,,,,,,,,,
s_prior_shift,0,baseline-Rebuild,informed,80000,1,40000,0.8194625,0.7926197542356577,0.7612589285714286,0.7736174961272215,0.7461,0.892825,2.0,0.0,0.0,0,[0],1.5572989000065718,51370.99884913705,16.361500005587004,21.31628499191713,8.62109375,35639,10000,1000,2.0,1.0,0.0,1.0,3999.0,2.0,1.0,0.0,1.0,3999.0,0.0,0.0,1.0,0.0,
s_prior_shift,0,baseline-SIFR,informed,80000,1,40000,0.8032375,0.7655854311480145,0.7717053571428572,0.7684695063206217,0.7461,0.860375,0.0,0.0,0.0,0,[0],1.4515324000094552,55114.1676200124,16.687449999153614,24.352694999834053,7.51171875,59320,10000,1000,2.0,1.0,0.0,1.0,3999.0,2.0,1.0,0.0,1.0,3999.0,0.0,0.0,1.0,0.0,
s_prior_shift,0,enhanced-adwin_only,enhanced,80000,1,40000,0.80305,0.7653687142784065,0.7717261904761905,0.7683570700197946,0.7461,0.86,0.0,0.0,0.0,0,[0],1.4139884999895003,56577.54642318099,16.65224999305792,21.267970018379852,6.71875,59320,10000,1000,0.0,0.0,1.0,0.0,,0.0,0.0,1.0,0.0,,0.0,0.0,1.0,0.0,
s_prior_shift,0,enhanced-and,enhanced,80000,1,40000,0.80305,0.7653687142784065,0.7717261904761905,0.7683570700197946,0.7461,0.86,0.0,0.0,0.0,0,[0],1.5778598000179045,50701.5895829859,17.72515001357533,23.817835008958347,8.953125,59320,10000,1000,0.0,0.0,1.0,0.0,,2.0,1.0,0.0,1.0,3999.0,0.0,0.0,1.0,0.0,
s_prior_shift,0,enhanced-or,enhanced,80000,1,40000,0.8195,0.7927783168474658,0.761095238095238,0.7735526557617509,0.7461,0.8929,3.0,0.0,0.0,0,[0],1.7477819999912754,45772.298833835885,17.269399992073886,45.31481000012711,7.98828125,25639,10000,1000,3.0,1.0,0.0,2.0,3999.0,2.0,1.0,0.0,1.0,3999.0,1.0,0.0,1.0,1.0,
s_prior_shift,0,fadingMNB,fading,80000,1,40000,0.8014,0.7634810529557934,0.7711666666666667,0.7670396527806963,0.7468,0.856,,0.0,0.0,0,[0],1.2826905000256374,62368.90348716313,15.362299993284978,18.50255002209451,11.52734375,59320,10000,1000,,,,,,,,,,,,,,,
s_prior_shift,1,accumulativeMNB,accumulative,80000,1,40000,0.8033875,0.7657610566291696,0.7710505952380953,0.7682753550719568,0.7472,0.859575,,0.0,0.0,0,[0],0.742847100016661,107693.76362673519,9.163299997453578,10.831554995093027,2.94140625,59411,10000,1000,,,,,,,,,,,,,,,
s_prior_shift,1,baseline-Rebuild,informed,80000,1,40000,0.81035,0.7750082258340616,0.7683809523809524,0.7715140966341114,0.74135,0.87935,2.0,0.0,0.0,0,[0],1.6175599000125658,49457.21020864732,16.412500001024455,31.824029996641897,10.75390625,48975,10000,1000,2.0,1.0,0.0,1.0,3999.0,2.0,1.0,0.0,1.0,3999.0,0.0,0.0,1.0,0.0,
s_prior_shift,1,baseline-SIFR,informed,80000,1,40000,0.8028875,0.7651815749116772,0.7717291666666666,0.7682529237519633,0.74605,0.859725,0.0,0.0,0.0,0,[0],1.6006997999793384,49978.14081130805,18.383749993517995,24.97667500574607,9.453125,59411,10000,1000,2.0,1.0,0.0,1.0,3999.0,2.0,1.0,0.0,1.0,3999.0,0.0,0.0,1.0,0.0,
s_prior_shift,1,enhanced-adwin_only,enhanced,80000,1,40000,0.8033875,0.7657610566291696,0.7710505952380953,0.7682753550719568,0.7472,0.859575,0.0,0.0,0.0,0,[0],1.3884505000023637,57618.18660432173,16.363800008548424,20.105330001388204,7.08984375,59411,10000,1000,0.0,0.0,1.0,0.0,,0.0,0.0,1.0,0.0,,0.0,0.0,1.0,0.0,
s_prior_shift,1,enhanced-and,enhanced,80000,1,40000,0.8033875,0.7657610566291696,0.7710505952380953,0.7682753550719568,0.7472,0.859575,0.0,0.0,0.0,0,[0],1.5725896999938414,50871.50195649463,18.752300005871803,22.613249998539686,9.14453125,59411,10000,1000,0.0,0.0,1.0,0.0,,2.0,1.0,0.0,1.0,3999.0,0.0,0.0,1.0,0.0,
s_prior_shift,1,enhanced-or,enhanced,80000,1,40000,0.81035,0.7750082258340616,0.7683809523809524,0.7715140966341114,0.74135,0.87935,2.0,0.0,0.0,0,[0],1.7357107999850996,46090.627540421345,18.095849998644553,27.348905010148854,7.47265625,48975,10000,1000,2.0,1.0,0.0,1.0,3999.0,2.0,1.0,0.0,1.0,3999.0,0.0,0.0,1.0,0.0,
s_prior_shift,1,fadingMNB,fading,80000,1,40000,0.8021875,0.7643764422337318,0.771407738095238,0.7676566587215135,0.747825,0.85655,,0.0,0.0,0,[0],1.3818948999978602,57891.522720088105,16.051100014010444,22.418354994442772,11.421875,59411,10000,1000,,,,,,,,,,,,,,,
s_prior_shift,2,accumulativeMNB,accumulative,80000,1,40000,0.8034625,0.7659456469607785,0.7674851190476191,0.766704625728003,0.74615,0.860775,,0.0,0.0,0,[0],0.7840528000087943,102033.9446515626,9.650150008383207,12.617134996980894,2.82421875,59339,10000,1000,,,,,,,,,,,,,,,
s_prior_shift,2,baseline-Rebuild,informed,80000,1,40000,0.8148,0.7849453760310269,0.7589166666666667,0.7695104874513352,0.734475,0.895125,4.0,0.0,0.0,0,[0],1.6652589999721386,48040.575070507635,17.933049995917827,36.123760006739744,10.359375,41671,10000,1000,4.0,1.0,0.0,3.0,3999.0,4.0,1.0,0.0,3.0,3999.0,0.0,0.0,1.0,0.0,
s_prior_shift,2,baseline-SIFR,informed,80000,1,40000,0.8020625,0.7642504061149943,0.7669255952380953,0.7655549445057293,0.744675,0.85945,0.0,0.0,0.0,0,[0],1.4872209000168368,53791.60553694096,17.26220001000911,23.842559996410273,6.21875,59339,10000,1000,4.0,1.0,0.0,3.0,3999.0,4.0,1.0,0.0,3.0,3999.0,0.0,0.0,1.0,0.0,
s_prior_shift,2,enhanced-adwin_only,enhanced,80000,1,40000,0.8034625,0.7659456469607785,0.7674851190476191,0.766704625728003,0.74615,0.860775,0.0,0.0,0.0,0,[0],1.4244940000062343,56160.292707199806,16.750500013586134,22.227324996492822,6.6953125,59339,10000,1000,0.0,0.0,1.0,0.0,,0.0,0.0,1.0,0.0,,0.0,0.0,1.0,0.0,
s_prior_shift,2,enhanced-and,enhanced,80000,1,40000,0.8034625,0.7659456469607785,0.7674851190476191,0.766704625728003,0.74615,0.860775,0.0,0.0,0.0,0,[0],1.5952093999949284,50150.15583549993,18.285750003997236,24.588204984320324,6.01171875,59339,10000,1000,0.0,0.0,1.0,0.0,,4.0,1.0,0.0,3.0,3999.0,0.0,0.0,1.0,0.0,
s_prior_shift,2,enhanced-or,enhanced,80000,1,40000,0.8148,0.7849453760310269,0.7589166666666667,0.7695104874513352,0.734475,0.895125,4.0,0.0,0.0,0,[0],1.6906873999978416,47318.03170716369,17.448449987568893,35.74165499303488,5.21875,41671,10000,1000,4.0,1.0,0.0,3.0,3999.0,4.0,1.0,0.0,3.0,3999.0,0.0,0.0,1.0,0.0,
s_prior_shift,2,fadingMNB,fading,80000,1,40000,0.8019125,0.7640572545560487,0.7674375,0.7656942835088905,0.746275,0.85755,,0.0,0.0,0,[0],1.3388040999998339,59754.821485839435,15.605950000463054,22.746630024630576,10.3671875,59339,10000,1000,,,,,,,,,,,,,,,
s_prior_shift,3,accumulativeMNB,accumulative,80000,1,40000,0.8009125,0.7628786277726822,0.7664732142857142,0.7646153731261579,0.74265,0.859175,,0.0,0.0,0,[0],0.8190454000141472,97674.6832332105,9.636550006689504,14.726899981906172,3.29296875,59855,10000,1000,,,,,,,,,,,,,,,
s_prior_shift,3,baseline-Rebuild,informed,80000,1,40000,0.8160625,0.7882458440003992,0.756889880952381,0.7691781440466909,0.73875,0.893375,3.0,0.0,0.0,0,[0],1.6740755999926478,47787.567061100075,17.38229999318719,27.355025002907382,8.5859375,39189,10000,1000,3.0,1.0,0.0,2.0,3999.0,3.0,1.0,0.0,2.0,3999.0,0.0,0.0,1.0,0.0,
s_prior_shift,3,baseline-SIFR,informed,80000,1,40000,0.7993625,0.7610707298510042,0.7635684523809524,0.76229026910179,0.7413,0.857425,0.0,0.0,0.0,0,[0],1.423681599990232,56192.33963587708,16.793299990240484,21.409894985845312,6.1328125,59855,10000,1000,3.0,1.0,0.0,2.0,3999.0,3.0,1.0,0.0,2.0,3999.0,0.0,0.0,1.0,0.0,
s_prior_shift,3,enhanced-adwin_only,enhanced,80000,1,40000,0.8009125,0.7628786277726822,0.7664732142857142,0.7646153731261579,0.74265,0.859175,0.0,0.0,0.0,0,[0],1.4539078999951016,55024.11810285199,17.651450005359948,22.843135001312472,7.6953125,59855,10000,1000,0.0,0.0,1.0,0.0,,0.0,0.0,1.0,0.0,,0.0,0.0,1.0,0.0,
s_prior_shift,3,enhanced-and,enhanced,80000,1,40000,0.8009125,0.7628786277726822,0.7664732142857142,0.7646153731261579,0.74265,0.859175,0.0,0.0,0.0,0,[0],1.586499700002605,50425.47439490133,18.145499998354353,24.699110008077696,9.08203125,59855,10000,1000,0.0,0.0,1.0,0.0,,3.0,1.0,0.0,2.0,3999.0,0.0,0.0,1.0,0.0,
s_prior_shift,3,enhanced-or,enhanced,80000,1,40000,0.8160625,0.7882458440003992,0.756889880952381,0.7691781440466909,0.73875,0.893375,3.0,0.0,0.0,0,[0],1.6990546000015456,47085.00833341508,17.79714999429416,65.7931700028712,7.375,39189,10000,1000,3.0,1.0,0.0,2.0,3999.0,3.0,1.0,0.0,2.0,3999.0,0.0,0.0,1.0,0.0,
s_prior_shift,3,fadingMNB,fading,80000,1,40000,0.79895,0.7605877967477188,0.7661785714285714,0.7632325505981639,0.742725,0.855175,,0.0,0.0,0,[0],1.30557029999909,61275.90371813434,15.373450005427003,21.56485999730648,11.6015625,59855,10000,1000,,,,,,,,,,,,,,,
s_prior_shift,4,accumulativeMNB,accumulative,80000,1,40000,0.8034375,0.7659072920859853,0.7676458333333334,0.7667628222899989,0.747575,0.8593,,0.0,0.0,0,[0],0.7671759000222664,104278.56244920896,9.316499999840744,12.64325001538964,4.15234375,59343,10000,1000,,,,,,,,,,,,,,,
s_prior_shift,4,baseline-Rebuild,informed,80000,1,40000,0.8184,0.7939103884120129,0.7551547619047619,0.7696130145100644,0.7449,0.8919,2.0,0.0,0.0,0,[0],1.7640290000126697,45350.72836071596,19.02995001000818,29.18698999710612,9.78515625,35825,10000,1000,2.0,1.0,0.0,1.0,3999.0,2.0,1.0,0.0,1.0,3999.0,0.0,0.0,1.0,0.0,
s_prior_shift,4,baseline-SIFR,informed,80000,1,40000,0.80205,0.7642421538830673,0.7666904761904761,0.7654386692991481,0.745275,0.858825,0.0,0.0,0.0,0,[0],1.6036557999905199,49886.01668791578,18.222700004116632,25.298365019261833,7.625,59343,10000,1000,2.0,1.0,0.0,1.0,3999.0,2.0,1.0,0.0,1.0,3999.0,0.0,0.0,1.0,0.0,
s_prior_shift,4,enhanced-adwin_only,enhanced,80000,1,40000,0.8034375,0.7659072920859853,0.7676458333333334,0.7667628222899989,0.747575,0.8593,0.0,0.0,0.0,0,[0],1.3835346999985632,57822.908236477975,16.497450007591397,19.9063650026801,8.28125,59343,10000,1000,0.0,0.0,1.0,0.0,,0.0,0.0,1.0,0.0,,0.0,0.0,1.0,0.0,
s_prior_shift,4,enhanced-and,enhanced,80000,1,40000,0.8034375,0.7659072920859853,0.7676458333333334,0.7667628222899989,0.747575,0.8593,0.0,0.0,0.0,0,[0],1.7145089999830816,46660.589125393584,20.236849988577887,26.089705021877307,5.359375,59343,10000,1000,0.0,0.0,1.0,0.0,,2.0,1.0,0.0,1.0,3999.0,0.0,0.0,1.0,0.0,
s_prior_shift,4,enhanced-or,enhanced,80000,1,40000,0.8184,0.7939103884120129,0.7551547619047619,0.7696130145100644,0.7449,0.8919,2.0,0.0,0.0,0,[0],1.7703591999888886,45188.569641969894,18.706799994106404,27.479809998476398,4.33203125,35825,10000,1000,2.0,1.0,0.0,1.0,3999.0,2.0,1.0,0.0,1.0,3999.0,0.0,0.0,1.0,0.0,
s_prior_shift,4,fadingMNB,fading,80000,1,40000,0.8008625,0.7628208398688233,0.766342261904762,0.7645234527827898,0.7464,0.855325,,0.0,0.0,0,[0],1.315632399986498,60807.258927965755,15.216849991702475,20.65927999501582,11.671875,59343,10000,1000,,,,,,,,,,,,,,,
s_recurring,0,accumulativeMNB,accumulative,80000,3,60000,0.73965,0.7396886593838721,0.7396499999999999,0.739639501613804,0.7285833333333334,0.77285,,0.0,0.0,0,"[0, 0, 0]",0.9177549000014551,87169.24311695111,11.090899992268533,15.066309993562754,3.8515625,58823,10000,1000,,,,,,,,,,,,,,,
s_recurring,0,baseline-Rebuild,informed,80000,3,60000,0.730225,0.7304551232678904,0.730225,0.730157636552389,0.72255,0.75325,3.0,3523.6666666666665,10571.0,0,"[0, 10571, 0]",1.88126550000743,42524.5665748317,19.789500001934357,52.10601500148185,9.8671875,39128,10000,1000,3.0,1.0,2.0,2.0,3999.0,3.0,1.0,2.0,2.0,3999.0,0.0,0.0,3.0,0.0,
s_recurring,0,baseline-SIFR,informed,80000,3,60000,0.73835,0.7383560786758965,0.73835,0.7383483318070829,0.72685,0.77285,0.0,38.333333333333336,115.0,0,"[0, 115, 0]",1.8092095999745652,44218.204458524146,20.68450002116151,28.799125006480605,9.69921875,58823,10000,1000,3.0,1.0,2.0,2.0,3999.0,3.0,1.0,2.0,2.0,3999.0,0.0,0.0,3.0,0.0,
s_recurring,0,enhanced-adwin_only,enhanced,80000,3,60000,0.73965,0.7396886593838721,0.7396499999999999,0.739639501613804,0.7285833333333334,0.77285,0.0,0.0,0.0,0,"[0, 0, 0]",1.5822530999721494,50560.81103674763,18.83050000469666,22.19152998877689,6.32421875,58823,10000,1000,0.0,0.0,3.0,0.0,,0.0,0.0,3.0,0.0,,0.0,0.0,3.0,0.0,
s_recurring,0,enhanced-and,enhanced,80000,3,60000,0.73965,0.7396886593838721,0.7396499999999999,0.739639501613804,0.7285833333333334,0.77285,0.0,0.0,0.0,0,"[0, 0, 0]",1.817562900017947,44014.98291982636,21.598499995889142,27.74452999874483,9.22265625,58823,10000,1000,0.0,0.0,3.0,0.0,,3.0,1.0,2.0,2.0,3999.0,0.0,0.0,3.0,0.0,
s_recurring,0,enhanced-or,enhanced,80000,3,60000,0.7303125,0.73051617847647,0.7303125,0.7302529145125871,0.7226666666666667,0.75325,4.0,3523.6666666666665,10571.0,0,"[0, 10571, 0]",1.8563729999877978,43094.787524126805,19.486549994326197,42.65060500474647,8.8984375,39128,10000,1000,4.0,1.0,2.0,2.0,1191.0,3.0,1.0,2.0,2.0,3999.0,1.0,1.0,2.0,0.0,1191.0
s_recurring,0,fadingMNB,fading,80000,3,60000,0.7384375,0.7384609897488333,0.7384375,0.7384310584969842,0.7287666666666667,0.76745,,0.0,0.0,0,"[0, 0, 0]",1.6157695000001695,49512.01269735046,18.89570000639651,26.31204499048181,11.58203125,58823,10000,1000,,,,,,,,,,,,,,,
s_recurring,1,accumulativeMNB,accumulative,80000,3,60000,0.7395125,0.739576740256868,0.7395125,0.739495037009102,0.7297666666666667,0.76875,,0.0,0.0,0,"[0, 0, 0]",0.9255770000163466,86432.57124862343,11.162299997522496,14.423129992792383,2.3984375,58939,10000,1000,,,,,,,,,,,,,,,
s_recurring,1,baseline-Rebuild,informed,80000,3,60000,0.7352375,0.7359623600000313,0.7352375,0.7350340107157336,0.7241666666666666,0.76845,2.0,3164.3333333333335,9488.0,0,"[5, 9488, 0]",1.8789426000148524,42577.13886489541,20.958399996743537,27.816419988812413,8.76953125,46466,10000,1000,2.0,1.0,2.0,1.0,3999.0,2.0,1.0,2.0,1.0,3999.0,0.0,0.0,3.0,0.0,
s_recurring,1,baseline-SIFR,informed,80000,3,60000,0.7381875,0.7381973329347769,0.7381875,0.7381847980262071,0.728,0.76875,0.0,25.666666666666668,77.0,0,"[0, 77, 0]",1.8135021000052802,44113.541417882596,20.705550006823614,31.77230000583222,9.12890625,58939,10000,1000,2.0,1.0,2.0,1.0,3999.0,2.0,1.0,2.0,1.0,3999.0,0.0,0.0,3.0,0.0,
s_recurring,1,enhanced-adwin_only,enhanced,80000,3,60000,0.7351,0.7352185507376181,0.7351000000000001,0.7350666182283134,0.7265833333333334,0.76065,1.0,0.0,0.0,0,"[0, 0, 0]",1.5879511999955866,50379.38193580655,18.429649993777275,22.90118500241077,5.9921875,41843,10000,1000,1.0,1.0,2.0,0.0,5383.0,0.0,0.0,3.0,0.0,,1.0,1.0,2.0,0.0,5383.0
s_recurring,1,enhanced-and,enhanced,80000,3,60000,0.7351,0.7352185507376181,0.7351000000000001,0.7350666182283134,0.7265833333333334,0.76065,1.0,0.0,0.0,0,"[0, 0, 0]",1.8659944999963045,42872.580814229856,21.5786499902606,28.209485003026202,3.25,41843,10000,1000,1.0,1.0,2.0,0.0,5383.0,2.0,1.0,2.0,1.0,3999.0,1.0,1.0,2.0,0.0,5383.0
s_recurring,1,enhanced-or,enhanced,80000,3,60000,0.7341375,0.7348973378338288,0.7341375,0.7339223252710517,0.7227,0.76845,3.0,3164.3333333333335,9488.0,0,"[5, 9488, 0]",2.0570689999731258,38890.285158662715,21.167950006201863,57.736955009750034,5.53515625,46466,10000,1000,3.0,1.0,2.0,1.0,519.0,2.0,1.0,2.0,1.0,3999.0,1.0,1.0,2.0,0.0,519.0
s_recurring,1,fadingMNB,fading,80000,3,60000,0.7377375,0.7377390763586631,0.7377375,0.737737065258207,0.72895,0.7641,,0.0,0.0,0,"[0, 0, 0]",1.6341804999974556,48954.20059174893,18.997250008396804,24.14240499056177,11.6015625,58939,10000,1000,,,,,,,,,,,,,,,
s_recurring,2,accumulativeMNB,accumulative,80000,3,60000,0.73995,0.7399500599875151,0.73995,0.739949983746874,0.7294,0.7716,,1297.6666666666667,3893.0,0,"[0, 3893, 0]",0.884888200002024,90406.90112018333,10.86754999414552,12.784024991560727,3.30859375,58845,10000,1000,,,,,,,,,,,,,,,
s_recurring,2,baseline-Rebuild,informed,80000,3,60000,0.732025,0.7320851587940109,0.732025,0.732007633424665,0.7246666666666667,0.7541,3.0,1379.3333333333333,4138.0,0,"[0, 4138, 0]",1.61882639999385,49418.517019677915,17.830700016929768,23.19919498258963,9.80078125,39308,10000,1000,3.0,2.0,1.0,1.0,3999.0,3.0,2.0,1.0,1.0,3999.0,0.0,0.0,3.0,0.0,
s_recurring,2,baseline-SIFR,informed,80000,3,60000,0.7366125,0.7366748047902828,0.7366125,0.736595164628115,0.7283666666666667,0.76135,0.0,1309.6666666666667,3929.0,0,"[0, 3929, 0]",1.62040519999573,49370.36736256512,19.48025000456255,23.834134991921015,8.49609375,58845,10000,1000,3.0,2.0,1.0,1.0,3999.0,3.0,2.0,1.0,1.0,3999.0,0.0,0.0,3.0,0.0,
s_recurring,2,enhanced-adwin_only,enhanced,80000,3,60000,0.73995,0.7399500599875151,0.73995,0.739949983746874,0.7294,0.7716,0.0,1297.6666666666667,3893.0,0,"[0, 3893, 0]",1.6743297000066377,47780.314713215,19.775900000240654,26.38473500701366,4.95703125,58845,10000,1000,0.0,0.0,3.0,0.0,,0.0,0.0,3.0,0.0,,0.0,0.0,3.0,0.0,
s_recurring,2,enhanced-and,enhanced,80000,3,60000,0.73995,0.7399500599875151,0.73995,0.739949983746874,0.7294,0.7716,0.0,1297.6666666666667,3893.0,0,"[0, 3893, 0]",1.863402099988889,42932.22595406382,22.379149988410063,27.48016499535879,7.953125,58845,10000,1000,0.0,0.0,3.0,0.0,,3.0,2.0,1.0,1.0,3999.0,0.0,0.0,3.0,0.0,
s_recurring,2,enhanced-or,enhanced,80000,3,60000,0.7314375,0.7314814237448315,0.7314375,0.73142475942006,0.7238833333333333,0.7541,4.0,1379.3333333333333,4138.0,0,"[0, 4138, 0]",1.983089800021844,40341.08793213438,21.767899990663864,42.97237498831235,4.79296875,39308,10000,1000,4.0,2.0,1.0,1.0,2371.0,3.0,2.0,1.0,1.0,3999.0,1.0,1.0,2.0,0.0,743.0
s_recurring,2,fadingMNB,fading,80000,3,60000,0.738625,0.7387214458513385,0.738625,0.7385985978048747,0.7286,0.7687,,1300.0,3900.0,0,"[0, 3900, 0]",1.481921800004784,53983.95515859321,17.325449996860698,22.085709990642485,11.703125,58845,10000,1000,,,,,,,,,,,,,,,
s_recurring,3,accumulativeMNB,accumulative,80000,3,60000,0.73895,0.7390509518145787,0.73895,0.7389224365730678,0.7286666666666667,0.7698,,207.0,621.0,0,"[0, 621, 0]",0.85593869999866,93464.63712895005,10.691849995055236,12.092584994388744,3.0234375,59034,10000,1000,,,,,,,,,,,,,,,
s_recurring,3,baseline-Rebuild,informed,80000,3,60000,0.733025,0.7333763340683599,0.733025,0.7329244834585944,0.7237166666666667,0.76095,2.0,2093.3333333333335,6280.0,0,"[0, 6280, 0]",1.6956007000117097,47180.91942250763,18.702649991610087,29.297400014183843,7.2109375,42348,10000,1000,2.0,2.0,1.0,0.0,3999.0,2.0,2.0,1.0,0.0,3999.0,0.0,0.0,3.0,0.0,
s_recurring,3,baseline-SIFR,informed,80000,3,60000,0.7385375,0.7385639270681235,0.7385375000000001,0.7385302588815024,0.7281166666666666,0.7698,0.0,365.6666666666667,1097.0,0,"[0, 1097, 0]",1.6148930999916047,49538.882790703545,19.223549985326827,23.61667501245392,10.12109375,59034,10000,1000,2.0,2.0,1.0,0.0,3999.0,2.0,2.0,1.0,0.0,3999.0,0.0,0.0,3.0,0.0,
s_recurring,3,enhanced-adwin_only,enhanced,80000,3,60000,0.7325375,0.7326379066659157,0.7325375,0.7325086376402058,0.7236833333333333,0.7591,1.0,207.0,621.0,0,"[0, 621, 0]",1.6199983000115026,49382.76787045516,19.33195001038257,24.643989994365253,2.65234375,41530,10000,1000,1.0,1.0,2.0,0.0,1895.0,0.0,0.0,3.0,0.0,,1.0,1.0,2.0,0.0,1895.0
s_recurring,3,enhanced-and,enhanced,80000,3,60000,0.7332,0.7333305070025029,0.7332000000000001,0.7331626879718858,0.72395,0.76095,2.0,207.0,621.0,0,"[0, 621, 0]",1.9382742999878246,41273.827961554525,21.317050006473437,29.45520999055588,8.05078125,42348,10000,1000,2.0,1.0,2.0,0.0,1895.0,2.0,2.0,1.0,0.0,3999.0,1.0,1.0,2.0,0.0,1895.0
s_recurring,3,enhanced-or,enhanced,80000,3,60000,0.73235,0.7326976089239068,0.7323500000000001,0.7322500072591173,0.7228166666666667,0.76095,3.0,2093.3333333333335,6280.0,0,"[0, 6280, 0]",2.04223260001163,39172.81508460124,21.99609999661334,33.86450998514182,5.4453125,42348,10000,1000,3.0,2.0,1.0,0.0,2403.0,2.0,2.0,1.0,0.0,3999.0,1.0,1.0,2.0,0.0,807.0
s_recurring,3,fadingMNB,fading,80000,3,60000,0.738275,0.7382750005956875,0.738275,0.738274999836422,0.73005,0.76295,,0.3333333333333333,1.0,0,"[0, 1, 0]",1.4379503999953158,55634.742338999036,17.420549993403256,23.31036501127528,8.74609375,59034,10000,1000,,,,,,,,,,,,,,,
s_recurring,4,accumulativeMNB,accumulative,80000,3,60000,0.740475,0.7405105047619892,0.740475,0.7404654217141793,0.73085,0.76935,,164.66666666666666,494.0,0,"[0, 494, 0]",0.8673486999759916,92235.10682867734,10.59269999677781,13.707775014336221,4.12890625,58875,10000,1000,,,,,,,,,,,,,,,
s_recurring,4,baseline-Rebuild,informed,80000,3,60000,0.732675,0.732876288949116,0.732675,0.7326172212553411,0.7261166666666666,0.75235,4.0,2021.6666666666667,6065.0,0,"[0, 6065, 0]",1.6557827000215184,48315.51869636054,18.026200006715953,40.96629999403376,5.578125,39391,10000,1000,4.0,2.0,1.0,2.0,5999.0,4.0,2.0,1.0,2.0,5999.0,0.0,0.0,3.0,0.0,
s_recurring,4,baseline-SIFR,informed,80000,3,60000,0.740625,0.7406312588190418,0.7406250000000001,0.7406233134030954,0.73105,0.76935,0.0,0.0,0.0,0,"[0, 0, 0]",1.6853813000197988,47467.00346032094,19.989299995359033,26.02326501510106,7.98828125,58875,10000,1000,4.0,2.0,1.0,2.0,5999.0,4.0,2.0,1.0,2.0,5999.0,0.0,0.0,3.0,0.0,
s_recurring,4,enhanced-adwin_only,enhanced,80000,3,60000,0.736275,0.7364077878903801,0.736275,0.7362379618752015,0.72755,0.76245,1.0,164.66666666666666,494.0,0,"[0, 494, 0]",1.7280557000194676,46294.804038491784,19.829249984468333,24.79380500008119,7.140625,43380,10000,1000,1.0,1.0,2.0,0.0,2407.0,0.0,0.0,3.0,0.0,,1.0,1.0,2.0,0.0,2407.0
s_recurring,4,enhanced-and,enhanced,80000,3,60000,0.734125,0.7341284703692521,0.7341249999999999,0.7341240147633022,0.72805,0.75235,2.0,164.66666666666666,494.0,0,"[0, 494, 0]",1.9264402000117116,41527.37261167705,21.66004999889992,33.62270498910215,5.8984375,39391,10000,1000,2.0,1.0,2.0,0.0,2407.0,4.0,2.0,1.0,2.0,5999.0,1.0,1.0,2.0,0.0,2407.0
s_recurring,4,enhanced-or,enhanced,80000,3,60000,0.73295,0.7331186870131096,0.73295,0.7329016812463918,0.7264833333333334,0.75235,5.0,2021.6666666666667,6065.0,0,"[0, 6065, 0]",1.9789013999979943,40426.47097024697,21.763900003861636,48.876070010010146,7.23828125,39391,10000,1000,5.0,2.0,1.0,2.0,4163.0,4.0,2.0,1.0,2.0,5999.0,1.0,1.0,2.0,0.0,327.0
s_recurring,4,fadingMNB,fading,80000,3,60000,0.7410375,0.7410536097633991,0.7410375,0.7410331732712789,0.7319833333333333,0.7682,,0.0,0.0,0,"[0, 0, 0]",1.491711300011957,53629.68021986476,17.49480000580661,24.978279985953115,7.5546875,58875,10000,1000,,,,,,,,,,,,,,,
s_sudden,0,accumulativeMNB,accumulative,80000,1,40000,0.74005,0.7400546474579748,0.74005,0.7400487418359105,0.72065,0.75945,,0.0,0.0,0,[0],2.842897099995753,28140.3079978236,34.53884999908041,44.23568500060355,3.86328125,59014,10000,1000,,,,,,,,,,,,,,,
s_sudden,0,baseline-Rebuild,informed,80000,1,40000,0.743475,0.7441012227691695,0.743475,0.7433103706623452,0.72065,0.7663,1.0,0.0,0.0,0,[0],5.372512000001734,14890.613552836025,64.69124999421183,76.01574998552677,6.4453125,40330,10000,1000,1.0,1.0,0.0,0.0,3999.0,1.0,1.0,0.0,0.0,3999.0,0.0,0.0,1.0,0.0,
s_sudden,0,baseline-SIFR,informed,80000,1,40000,0.7381625,0.7382010708572742,0.7381625,0.738151900020689,0.72065,0.755675,0.0,0.0,0.0,0,[0],5.247331100021256,15245.845645165393,64.34604999958538,77.08036999829345,7.8828125,59014,10000,1000,1.0,1.0,0.0,0.0,3999.0,1.0,1.0,0.0,0.0,3999.0,0.0,0.0,1.0,0.0,
s_sudden,0,enhanced-adwin_only,enhanced,80000,1,40000,0.74005,0.7400546474579748,0.74005,0.7400487418359105,0.72065,0.75945,0.0,0.0,0.0,0,[0],5.452201700012665,14672.971471289142,63.57360001129564,88.595930019801,4.765625,59014,10000,1000,0.0,0.0,1.0,0.0,,0.0,0.0,1.0,0.0,,0.0,0.0,1.0,0.0,
s_sudden,0,enhanced-and,enhanced,80000,1,40000,0.74005,0.7400546474579748,0.74005,0.7400487418359105,0.72065,0.75945,0.0,0.0,0.0,0,[0],5.815114099998027,13757.25370548226,68.26674999319948,86.69814499298806,8.41796875,59014,10000,1000,0.0,0.0,1.0,0.0,,1.0,1.0,0.0,0.0,3999.0,0.0,0.0,1.0,0.0,
s_sudden,0,enhanced-or,enhanced,80000,1,40000,0.743475,0.7441012227691695,0.743475,0.7433103706623452,0.72065,0.7663,1.0,0.0,0.0,0,[0],5.763643999991473,13880.107792937655,67.15439999243245,82.11510999535676,4.44921875,40330,10000,1000,1.0,1.0,0.0,0.0,3999.0,1.0,1.0,0.0,0.0,3999.0,0.0,0.0,1.0,0.0,
s_sudden,0,fadingMNB,fading,80000,1,40000,0.74005,0.7402049706388574,0.7400500000000001,0.7400080659009494,0.721,0.7591,,0.0,0.0,0,[0],4.804962399997748,16649.453906244406,56.84675001248252,68.9873350012931,7.8359375,59014,10000,1000,,,,,,,,,,,,,,,
s_sudden,1,accumulativeMNB,accumulative,80000,1,40000,0.7391625,0.7391751584947479,0.7391625,0.7391590487074069,0.71805,0.760275,,0.0,0.0,0,[0],2.8224680999992415,28343.98730671978,34.10715001518838,45.2075799999875,5.1640625,59141,10000,1000,,,,,,,,,,,,,,,
s_sudden,1,baseline-Rebuild,informed,80000,1,40000,0.7365125,0.736647392711461,0.7365124999999999,0.736474946650503,0.712225,0.7608,3.0,0.0,0.0,0,[0],5.936019099986879,13477.045584333924,60.37434998142999,79.43652998801537,6.8515625,32878,10000,1000,3.0,1.0,0.0,2.0,3999.0,3.0,1.0,0.0,2.0,3999.0,0.0,0.0,1.0,0.0,
s_sudden,1,baseline-SIFR,informed,80000,1,40000,0.7369,0.7369943243335706,0.7369,0.7368738187805148,0.717575,0.756225,0.0,0.0,0.0,0,[0],5.330656700010877,15007.531811200064,62.365200006752275,82.45484000071883,6.84765625,59141,10000,1000,3.0,1.0,0.0,2.0,3999.0,3.0,1.0,0.0,2.0,3999.0,0.0,0.0,1.0,0.0,
s_sudden,1,enhanced-adwin_only,enhanced,80000,1,40000,0.7391625,0.7391751584947479,0.7391625,0.7391590487074069,0.71805,0.760275,0.0,0.0,0.0,0,[0],5.482842199999141,14590.972543403226,65.07490000512917,80.49404000776116,4.71875,59141,10000,1000,0.0,0.0,1.0,0.0,,0.0,0.0,1.0,0.0,,0.0,0.0,1.0,0.0,
s_sudden,1,enhanced-and,enhanced,80000,1,40000,0.7391625,0.7391751584947479,0.7391625,0.7391590487074069,0.71805,0.760275,0.0,0.0,0.0,0,[0],5.789970999991056,13816.99493833796,69.57765000697691,83.70457000419265,7.7265625,59141,10000,1000,0.0,0.0,1.0,0.0,,3.0,1.0,0.0,2.0,3999.0,0.0,0.0,1.0,0.0,
s_sudden,1,enhanced-or,enhanced,80000,1,40000,0.7365125,0.736647392711461,0.7365124999999999,0.736474946650503,0.712225,0.7608,3.0,0.0,0.0,0,[0],6.432148599997163,12437.523598263151,66.94485001207795,149.612794999848,6.81640625,32878,10000,1000,3.0,1.0,0.0,2.0,3999.0,3.0,1.0,0.0,2.0,3999.0,0.0,0.0,1.0,0.0,
s_sudden,1,fadingMNB,fading,80000,1,40000,0.7392125,0.7393648079769187,0.7392125,0.7391710085874366,0.719825,0.7586,,0.0,0.0,0,[0],4.766337800014298,16784.374787653534,56.5167000022484,69.05991997628007,8.82421875,59141,10000,1000,,,,,,,,,,,,,,,
s_sudden,2,accumulativeMNB,accumulative,80000,1,40000,0.7382125,0.7382316897115011,0.7382124999999999,0.7382072281071508,0.718025,0.7584,,0.0,0.0,0,[0],2.828724199993303,28281.30080698196,34.14350000093691,43.54828001378337,3.8984375,59080,10000,1000,,,,,,,,,,,,,,,
s_sudden,2,baseline-Rebuild,informed,80000,1,40000,0.7391875,0.739950095145354,0.7391875,0.7389801105213287,0.7145,0.763875,4.0,0.0,0.0,0,[0],6.312434999999823,12673.397825086871,62.55370001599658,179.79783500632033,9.6875,37975,10000,1000,4.0,1.0,0.0,3.0,3999.0,4.0,1.0,0.0,3.0,3999.0,0.0,0.0,1.0,0.0,
s_sudden,2,baseline-SIFR,informed,80000,1,40000,0.7357375,0.7358566372312918,0.7357374999999999,0.7357041243451562,0.716225,0.75525,0.0,0.0,0.0,0,[0],5.3440168000233825,14970.012818756477,63.84565000189468,79.09625500469701,10.68359375,59080,10000,1000,4.0,1.0,0.0,3.0,3999.0,4.0,1.0,0.0,3.0,3999.0,0.0,0.0,1.0,0.0,
s_sudden,2,enhanced-adwin_only,enhanced,80000,1,40000,0.7382125,0.7382316897115011,0.7382124999999999,0.7382072281071508,0.718025,0.7584,0.0,0.0,0.0,0,[0],5.536407099978533,14449.804458980301,65.46755001181737,83.75880499515914,6.86328125,59080,10000,1000,0.0,0.0,1.0,0.0,,0.0,0.0,1.0,0.0,,0.0,0.0,1.0,0.0,
s_sudden,2,enhanced-and,enhanced,80000,1,40000,0.7382125,0.7382316897115011,0.7382124999999999,0.7382072281071508,0.718025,0.7584,0.0,0.0,0.0,0,[0],6.0092132999852765,13312.890724014742,69.85105000785552,88.8213600192101,6.54296875,59080,10000,1000,0.0,0.0,1.0,0.0,,4.0,1.0,0.0,3.0,3999.0,0.0,0.0,1.0,0.0,
s_sudden,2,enhanced-or,enhanced,80000,1,40000,0.7391875,0.739950095145354,0.7391875,0.7389801105213287,0.7145,0.763875,4.0,0.0,0.0,0,[0],6.595736000017496,12129.04822142484,67.25794999510981,150.9271300063119,7.4921875,37975,10000,1000,4.0,1.0,0.0,3.0,3999.0,4.0,1.0,0.0,3.0,3999.0,0.0,0.0,1.0,0.0,
s_sudden,2,fadingMNB,fading,80000,1,40000,0.73745,0.7376964531905261,0.73745,0.7373819267692379,0.718025,0.756875,,0.0,0.0,0,[0],4.784690800006501,16719.99369319566,56.770600014715455,71.53056500974344,8.375,59080,10000,1000,,,,,,,,,,,,,,,
s_sudden,3,accumulativeMNB,accumulative,80000,1,40000,0.7377375,0.7377407988021714,0.7377374999999999,0.7377365902328186,0.716875,0.7586,,199.0,199.0,0,[199],2.8977880000020377,27607.26457558101,34.70309999829624,45.44108499394497,3.87890625,58680,10000,1000,,,,,,,,,,,,,,,
s_sudden,3,baseline-Rebuild,informed,80000,1,40000,0.7385375,0.7386775680800012,0.7385375000000001,0.7384991345134126,0.714525,0.76255,2.0,0.0,0.0,0,[0],5.2572446000122,15217.09680386839,56.60349999379832,95.91492000181442,12.9453125,46427,10000,1000,2.0,1.0,0.0,1.0,3999.0,2.0,1.0,0.0,1.0,3999.0,0.0,0.0,1.0,0.0,
s_sudden,3,baseline-SIFR,informed,80000,1,40000,0.7372625,0.7372863474262203,0.7372624999999999,0.7372558985133965,0.715375,0.75915,0.0,0.0,0.0,0,[0],3.176785399991786,25182.6893941929,29.858399997465312,70.53629998554243,8.6875,58680,10000,1000,2.0,1.0,0.0,1.0,3999.0,2.0,1.0,0.0,1.0,3999.0,0.0,0.0,1.0,0.0,
s_sudden,3,enhanced-adwin_only,enhanced,80000,1,40000,0.7377375,0.7377407988021714,0.7377374999999999,0.7377365902328186,0.716875,0.7586,0.0,199.0,199.0,0,[199],1.7609846999985166,45429.12837349887,20.59874999395106,29.688720000558533,5.49609375,58680,10000,1000,0.0,0.0,1.0,0.0,,0.0,0.0,1.0,0.0,,0.0,0.0,1.0,0.0,
s_sudden,3,enhanced-and,enhanced,80000,1,40000,0.7377375,0.7377407988021714,0.7377374999999999,0.7377365902328186,0.716875,0.7586,0.0,199.0,199.0,0,[199],1.9357006000063848,41328.70548251941,23.354849996394478,29.32890501397196,8.06640625,58680,10000,1000,0.0,0.0,1.0,0.0,,2.0,1.0,0.0,1.0,3999.0,0.0,0.0,1.0,0.0,
s_sudden,3,enhanced-or,enhanced,80000,1,40000,0.7385375,0.7386775680800012,0.7385375000000001,0.7384991345134126,0.714525,0.76255,2.0,0.0,0.0,0,[0],2.1573792999843135,37082.028181405876,23.15060001274105,29.336964974936556,9.58203125,46427,10000,1000,2.0,1.0,0.0,1.0,3999.0,2.0,1.0,0.0,1.0,3999.0,0.0,0.0,1.0,0.0,
s_sudden,3,fadingMNB,fading,80000,1,40000,0.736225,0.7363307160467288,0.736225,0.7361954985777281,0.717275,0.755175,,0.0,0.0,0,[0],5.318249200005084,15042.544452396762,63.14639998890925,81.84798498841701,8.73828125,58680,10000,1000,,,,,,,,,,,,,,,
s_sudden,4,accumulativeMNB,accumulative,80000,1,40000,0.7386,0.7386323877842511,0.7385999999999999,0.7385911302336683,0.718375,0.758825,,0.0,0.0,0,[0],3.1450188999879174,25437.049042950854,38.853499994729646,52.55515002354513,3.89453125,59061,10000,1000,,,,,,,,,,,,,,,
s_sudden,4,baseline-Rebuild,informed,80000,1,40000,0.7382625,0.7386602704487142,0.7382625,0.7381533963347371,0.710675,0.76585,3.0,0.0,0.0,0,[0],5.1985215000167955,15388.990888994407,55.62490000738762,77.93118499248507,7.9765625,42683,10000,1000,3.0,1.0,0.0,2.0,3999.0,3.0,1.0,0.0,2.0,3999.0,0.0,0.0,1.0,0.0,
s_sudden,4,baseline-SIFR,informed,80000,1,40000,0.73475,0.7349621714282051,0.73475,0.734690106125639,0.715475,0.754025,0.0,0.0,0.0,0,[0],2.4492180999950506,32663.485542656108,23.815049993572757,55.29260999173856,8.8828125,59061,10000,1000,3.0,1.0,0.0,2.0,3999.0,3.0,1.0,0.0,2.0,3999.0,0.0,0.0,1.0,0.0,
s_sudden,4,enhanced-adwin_only,enhanced,80000,1,40000,0.7386,0.7386323877842511,0.7385999999999999,0.7385911302336683,0.718375,0.758825,0.0,0.0,0.0,0,[0],1.8058151000004727,44301.32409457594,20.67055000225082,29.04269999999087,7.3671875,59061,10000,1000,0.0,0.0,1.0,0.0,,0.0,0.0,1.0,0.0,,0.0,0.0,1.0,0.0,
s_sudden,4,enhanced-and,enhanced,80000,1,40000,0.7386,0.7386323877842511,0.7385999999999999,0.7385911302336683,0.718375,0.758825,0.0,0.0,0.0,0,[0],1.961630799982231,40782.39391465746,23.200750001706183,31.84888501127716,8.625,59061,10000,1000,0.0,0.0,1.0,0.0,,3.0,1.0,0.0,2.0,3999.0,0.0,0.0,1.0,0.0,
s_sudden,4,enhanced-or,enhanced,80000,1,40000,0.7382625,0.7386602704487142,0.7382625,0.7381533963347371,0.710675,0.76585,3.0,0.0,0.0,0,[0],2.066575600008946,38711.383217557435,22.6416500081541,48.17829498933854,6.92578125,42683,10000,1000,3.0,1.0,0.0,2.0,3999.0,3.0,1.0,0.0,2.0,3999.0,0.0,0.0,1.0,0.0,
s_sudden,4,fadingMNB,fading,80000,1,40000,0.7368875,0.7371368210591357,0.7368874999999999,0.736818323971242,0.7172,0.756575,,0.0,0.0,0,[0],4.933120500005316,16216.915844628931,58.70259998482652,72.20820998918498,11.03515625,59061,10000,1000,,,,,,,,,,,,,,,
