run_id,stream,model,lam,alpha,time_unit,eval_window,n,accuracy,precision_0,recall_0,f1_0,precision_1,recall_1,f1_1,precision_macro,recall_macro,f1_macro,runtime_s,throughput,model_entries,peak_mem_mb,strategy,w,n_changes,n_warnings,detect_history,detect_reference
ds1__accumulative__hour__20260930-134427,ds1,accumulative,0.0,1.0,hour,10000,1600000,0.78308,0.81501,0.73239,0.77149,0.75702,0.83376,0.79354,0.78602,0.78308,0.78252,17.0,94123,353941,,,,,,,
ds1__fading_lam0.2__hour__20260930-134510,ds1,fading,0.2,1.0,hour,10000,1600000,0.8017,0.81172,0.78562,0.79845,0.7923,0.81777,0.80483,0.80201,0.8017,0.80164,28.4,56249,353941,,,,,,,
ds1__fading_lam0.2__instance__20260930-134552,ds1,fading,0.2,1.0,instance,10000,1600000,0.73483,0.72997,0.74537,0.73759,0.73989,0.72428,0.732,0.73493,0.73483,0.7348,28.6,55973,353941,,,,,,,
s_sudden_seed0__informed_FastSetFastReset_lam0.1_w2000__hour__20260930-151110,s_sudden_seed0,informed,0.1,1.0,hour,1000,80000,0.73865,0.74404,0.7276,0.73573,0.73349,0.7497,0.74151,0.73877,0.73865,0.73862,1.8,45599,59014,,FastSetFastReset,2000.0,16.0,13.0,,
s_sudden_seed0__informed_FastSetFastReset_lam0.1_w4000__hour__20260930-151114,s_sudden_seed0,informed,0.1,1.0,hour,1000,80000,0.73962,0.74449,0.72967,0.73701,0.73495,0.74957,0.74219,0.73972,0.73962,0.7396,1.8,43321,59014,,FastSetFastReset,4000.0,2.0,14.0,,
s_sudden_seed0__informed_FastSetFastReset_lam0.1_w1000__hour__20260930-151145,s_sudden_seed0,informed,0.1,1.0,hour,1000,80000,0.73987,0.74518,0.72905,0.73703,0.73479,0.7507,0.74266,0.73999,0.73988,0.73984,1.8,45298,59014,,FastSetFastReset,1000.0,17.0,48.0,,
s_sudden_seed0__informed_FastSetFastReset_lam0.1_w2000__hour__20260930-151148,s_sudden_seed0,informed,0.1,1.0,hour,1000,80000,0.73942,0.7444,0.72925,0.73675,0.73465,0.7496,0.74205,0.73952,0.73942,0.7394,1.7,46647,59014,,FastSetFastReset,2000.0,9.0,22.0,,
s_sudden_seed0__informed_FastSetFastReset_lam0.1_w4000__hour__20260930-151151,s_sudden_seed0,informed,0.1,1.0,hour,1000,80000,0.73942,0.74405,0.72995,0.73693,0.73497,0.7489,0.74187,0.73951,0.73942,0.7394,1.7,47726,59014,,FastSetFastReset,4000.0,3.0,9.0,,
s_sudden_seed0__informed_FastSetFastReset_lam0.1_w2000_h10__hour__20260930-151230,s_sudden_seed0,informed,0.1,1.0,hour,1000,80000,0.73942,0.7444,0.72925,0.73675,0.73465,0.7496,0.74205,0.73952,0.73942,0.7394,2.5,32202,59014,,FastSetFastReset,2000.0,9.0,22.0,10.0,previous
s_sudden_seed0__informed_FastSetFastReset_lam0.1_w4000_h10__hour__20260930-151235,s_sudden_seed0,informed,0.1,1.0,hour,1000,80000,0.73942,0.74405,0.72995,0.73693,0.73497,0.7489,0.74187,0.73951,0.73942,0.7394,2.4,33061,59014,,FastSetFastReset,4000.0,3.0,9.0,10.0,previous
s_sudden_seed0__informed_FastSetFastReset_lam0.1_w2000_h20__hour__20260930-151240,s_sudden_seed0,informed,0.1,1.0,hour,1000,80000,0.73974,0.74496,0.72908,0.73693,0.73473,0.7504,0.74248,0.73985,0.73974,0.73971,2.9,27218,59014,,FastSetFastReset,2000.0,5.0,26.0,20.0,previous
s_sudden_seed0__informed_FastSetFastReset_lam0.1_w4000_h20__hour__20260930-151244,s_sudden_seed0,informed,0.1,1.0,hour,1000,80000,0.74031,0.745,0.73075,0.73781,0.7358,0.74987,0.74277,0.7404,0.74031,0.74029,2.7,29716,59014,,FastSetFastReset,4000.0,1.0,12.0,20.0,previous
s_sudden_seed0__informed_FastSetFastReset_lam0.1_w2000_h30__hour__20260930-151248,s_sudden_seed0,informed,0.1,1.0,hour,1000,80000,0.73974,0.74496,0.72908,0.73693,0.73473,0.7504,0.74248,0.73985,0.73974,0.73971,1.8,45001,59014,,FastSetFastReset,2000.0,5.0,26.0,30.0,previous
s_sudden_seed0__informed_FastSetFastReset_lam0.1_w4000_h30__hour__20260930-151251,s_sudden_seed0,informed,0.1,1.0,hour,1000,80000,0.74031,0.745,0.73075,0.73781,0.7358,0.74987,0.74277,0.7404,0.74031,0.74029,1.7,47149,59014,,FastSetFastReset,4000.0,1.0,12.0,30.0,previous
ds1__informed_SlowIncreaseUpToALimit_lam0.2_w24000_h20__hour__20260930-151406,ds1,informed,0.2,1.0,hour,10000,1600000,0.79659,0.80569,0.7817,0.79352,0.78801,0.81147,0.79957,0.79685,0.79659,0.79654,40.0,40023,353941,,SlowIncreaseUpToALimit,24000.0,7.0,43.0,20.0,previous
ds1__informed_FastSetFastReset_lam0.1_w24000_h20__hour__20260930-151407,ds1,informed,0.1,1.0,hour,10000,1600000,0.80451,0.81498,0.7879,0.80121,0.79472,0.82112,0.80771,0.80485,0.80451,0.80446,40.5,39555,353941,,FastSetFastReset,24000.0,7.0,43.0,20.0,previous
ds1__informed_Rebuild_lam0.2_w24000_h20__hour__20260930-151409,ds1,informed,0.2,1.0,hour,10000,1600000,0.80524,0.8206,0.78129,0.80046,0.79129,0.82919,0.8098,0.80594,0.80524,0.80513,42.7,37477,129564,,Rebuild,24000.0,7.0,43.0,20.0,previous
ds1__informed_SlowIncreaseFastReset_lam0.2_w24000_h20__hour__20260930-151502,ds1,informed,0.2,1.0,hour,10000,1600000,0.80142,0.8113,0.78556,0.79822,0.79215,0.81729,0.80453,0.80173,0.80142,0.80137,37.1,43169,353941,,SlowIncreaseFastReset,24000.0,7.0,43.0,20.0,previous
ds1__informed_FastSetSlowDecrease_lam0.1_w24000_h20__hour__20260930-151504,ds1,informed,0.1,1.0,hour,10000,1600000,0.80049,0.81007,0.78504,0.79736,0.79148,0.81594,0.80352,0.80078,0.80049,0.80044,39.1,40950,353941,,FastSetSlowDecrease,24000.0,7.0,43.0,20.0,previous
ds1__fading_lam0.02__hour__20260930-153817,ds1,fading,0.02,1.0,hour,10000,1600000,0.80148,0.81901,0.77402,0.79588,0.78578,0.82895,0.80679,0.80239,0.80148,0.80133,72.1,22190,353941,,,,0.0,0.0,,
ds1__fading_lam0.05__hour__20260930-153900,ds1,fading,0.05,1.0,hour,10000,1600000,0.80475,0.81747,0.78471,0.80075,0.79301,0.82478,0.80858,0.80524,0.80475,0.80467,28.7,55748,353941,,,,0.0,0.0,,
ds1__fading_lam0.1__hour__20260930-153942,ds1,fading,0.1,1.0,hour,10000,1600000,0.80442,0.81544,0.78695,0.80094,0.79414,0.82189,0.80778,0.80479,0.80442,0.80436,28.8,55563,353941,,,,0.0,0.0,,
