setting,model,fusion,adwin_delta,detect_alpha,accuracy,f1_macro,mean_delay,false_alarms,missed,recovery_mean,not_recovered,runs
adwin_only d=0.05,enhanced,adwin_only,0.05,,0.7337347222222221,0.727372205361885,779.0,3,16,830.5777777777778,3,18
adwin_only d=0.01,enhanced,adwin_only,0.01,,0.7336777777777779,0.7277410162913062,829.8571428571429,0,17,747.911111111111,3,18
or d=0.05 a=1.8,enhanced,or,0.05,1.8,0.7335534722222222,0.7259375858844346,2098.777777777778,45,5,1201.9555555555555,3,18
adwin_only d=0.002,enhanced,adwin_only,0.002,,0.7333791666666667,0.7274441737152366,691.0,1,16,824.3333333333334,3,18
and d=0.01 a=1.5,enhanced,and,0.01,1.5,0.7332798611111111,0.7273453859543328,1381.857142857143,0,17,1017.4444444444445,3,18
or d=0.05 a=1.5,enhanced,or,0.05,1.5,0.7327770833333334,0.7251538912465324,2102.3333333333335,53,5,760.0222222222222,3,18
and d=0.05 a=1.5,enhanced,and,0.05,1.5,0.7327701388888889,0.7264521495648228,1617.0,4,16,898.1555555555556,3,18
or d=0.01 a=1.8,enhanced,or,0.01,1.8,0.7326590277777778,0.7253536136103329,2138.777777777778,40,5,1269.6888888888889,3,18
and d=0.002 a=1.5,enhanced,and,0.002,1.5,0.7325201388888889,0.7265850037320873,1540.0,1,16,1021.3555555555556,3,18
or d=0.01 a=1.5,enhanced,or,0.01,1.5,0.7324875,0.7251754651949112,2115.6666666666665,48,5,887.0444444444444,3,18
or d=0.05 a=2.5,enhanced,or,0.05,2.5,0.7323555555555555,0.7247472182165846,1965.9333333333334,28,7,1341.6666666666667,3,18
or d=0.002 a=1.5,enhanced,or,0.002,1.5,0.732298611111111,0.7249922330223156,2153.8888888888887,47,5,868.7555555555556,3,18
and d=0.01 a=1.8,enhanced,and,0.01,1.8,0.7321048611111112,0.7261690043828046,1395.5714285714287,0,17,949.6444444444444,3,18
and d=0.05 a=1.8,enhanced,and,0.05,1.8,0.7316631944444444,0.7253376401890671,2469.222222222222,10,15,1022.1555555555556,3,18
or d=0.01 a=2.5,enhanced,or,0.01,2.5,0.7316520833333333,0.7243531380551292,2021.4,25,7,1339.7333333333333,3,18
or d=0.002 a=2.5,enhanced,or,0.002,2.5,0.7315486111111111,0.7242554710336426,2015.0,25,7,1338.8666666666666,3,18
and d=0.002 a=1.8,enhanced,and,0.002,1.8,0.7313979166666668,0.7254607033567512,1457.0,1,16,953.2888888888889,3,18
and d=0.01 a=2.5,enhanced,and,0.01,2.5,0.7302722222222222,0.7243186857272074,829.8571428571429,1,17,1016.3777777777777,3,18
and d=0.05 a=2.5,enhanced,and,0.05,2.5,0.7302361111111111,0.7238979269661403,1130.0,12,16,898.0666666666667,3,18
and d=0.002 a=2.5,enhanced,and,0.002,2.5,0.7296958333333333,0.7237413336124984,962.0,2,16,1021.1555555555556,3,18
or d=0.002 a=1.8,enhanced,or,0.002,1.8,0.7290736111111111,0.7217739421166667,2272.6470588235293,40,6,1925.822222222222,3,18
baseline a=1.8,informed,,,1.8,0.7269805555555556,0.7196656712875447,3865.6666666666665,38,8,2212.688888888889,3,18
baseline a=1.5,informed,,,1.5,0.7254423611111112,0.718126144365335,3874.0,45,7,2971.355555555556,3,18
baseline a=2.5,informed,,,2.5,0.7232305555555556,0.7159275243481382,3999.0,24,8,3105.4222222222224,3,18
